geo_level,geo_code,area,sex,total,geo_version
country,IN,Urban,Male,195489200,2011
country,IN,Urban,Female,181616925,2011
country,IN,Rural,Male,427781058,2011
country,IN,Rural,Female,405967794,2011
state,1,Rural,Male,4774477,2011
state,1,Urban,Male,1866185,2011
district,1,Rural,Male,412038,2011
district,1,Urban,Male,62152,2011
district,2,Rural,Male,343385,2011
district,2,Urban,Male,54656,2011
district,3,Rural,Male,48411,2011
district,3,Urban,Male,30560,2011
district,4,Rural,Male,67703,2011
district,4,Urban,Male,10082,2011
district,5,Rural,Male,229774,2011
district,5,Urban,Male,22125,2011
district,6,Rural,Male,310748,2011
district,6,Urban,Male,34603,2011
district,7,Rural,Male,278126,2011
district,7,Urban,Male,47983,2011
district,8,Rural,Male,432399,2011
district,8,Urban,Male,102334,2011
district,9,Rural,Male,172263,2011
district,9,Urban,Male,35417,2011
district,10,Rural,Male,8916,2011
district,10,Urban,Male,642208,2011
district,11,Rural,Male,133715,2011
district,11,Urban,Male,25005,2011
district,12,Rural,Male,248096,2011
district,12,Urban,Male,44968,2011
district,13,Rural,Male,127161,2011
district,13,Urban,Male,9319,2011
district,14,Rural,Male,411012,2011
district,14,Urban,Male,148755,2011
district,15,Rural,Male,175574,2011
district,15,Urban,Male,42046,2011
district,16,Rural,Male,195430,2011
district,16,Urban,Male,18211,2011
district,17,Rural,Male,142317,2011
district,17,Urban,Male,6815,2011
district,18,Rural,Male,111986,2011
district,18,Urban,Male,8179,2011
district,19,Rural,Male,232974,2011
district,19,Urban,Male,63810,2011
district,20,Rural,Male,151481,2011
district,20,Urban,Male,14980,2011
district,21,Rural,Male,401603,2011
district,21,Urban,Male,412218,2011
district,22,Rural,Male,139365,2011
district,22,Urban,Male,29759,2011
state,2,Rural,Male,3110345,2011
state,2,Urban,Male,371528,2011
district,23,Rural,Male,241963,2011
district,23,Urban,Male,19357,2011
district,24,Rural,Male,705365,2011
district,24,Urban,Male,45226,2011
district,25,Rural,Male,16588,2011
district,25,Urban,Male,0,2011
district,26,Rural,Male,203269,2011
district,26,Urban,Male,22183,2011
district,27,Rural,Male,466050,2011
district,27,Urban,Male,32015,2011
district,28,Rural,Male,200748,2011
district,28,Urban,Male,16322,2011
district,29,Rural,Male,240254,2011
district,29,Urban,Male,23438,2011
district,30,Rural,Male,179653,2011
district,30,Urban,Male,13111,2011
district,31,Rural,Male,249736,2011
district,31,Urban,Male,59018,2011
district,32,Rural,Male,246175,2011
district,32,Urban,Male,30114,2011
district,33,Rural,Male,314295,2011
district,33,Urban,Male,110744,2011
district,34,Rural,Male,46249,2011
district,34,Urban,Male,0,2011
state,3,Rural,Male,9093476,2011
state,3,Urban,Male,5545989,2011
district,35,Rural,Male,855784,2011
district,35,Urban,Male,356833,2011
district,36,Rural,Male,275932,2011
district,36,Urban,Male,150379,2011
district,37,Rural,Male,528790,2011
district,37,Urban,Male,616421,2011
district,38,Rural,Male,634470,2011
district,38,Urban,Male,174587,2011
district,39,Rural,Male,248118,2011
district,39,Urban,Male,65173,2011
district,40,Rural,Male,220050,2011
district,40,Urban,Male,100745,2011
district,41,Rural,Male,753444,2011
district,41,Urban,Male,1114372,2011
district,42,Rural,Male,405704,2011
district,42,Urban,Male,120216,2011
district,43,Rural,Male,776208,2011
district,43,Urban,Male,295429,2011
district,44,Rural,Male,342202,2011
district,44,Urban,Male,133420,2011
district,45,Rural,Male,210782,2011
district,45,Urban,Male,115889,2011
district,46,Rural,Male,474484,2011
district,46,Urban,Male,268713,2011
district,47,Rural,Male,322184,2011
district,47,Urban,Male,86548,2011
district,48,Rural,Male,598800,2011
district,48,Urban,Male,403722,2011
district,49,Rural,Male,607266,2011
district,49,Urban,Male,711142,2011
district,50,Rural,Male,514322,2011
district,50,Urban,Male,75047,2011
district,51,Rural,Male,264089,2011
district,51,Urban,Male,93396,2011
district,52,Rural,Male,240984,2011
district,52,Urban,Male,288269,2011
district,53,Rural,Male,604653,2011
district,53,Urban,Male,273376,2011
district,54,Rural,Male,215210,2011
district,54,Urban,Male,102312,2011
state,4,Rural,Male,17150,2011
state,4,Urban,Male,563513,2011
district,55,Rural,Male,17150,2011
district,55,Urban,Male,563513,2011
state,5,Rural,Male,3519042,2011
state,5,Urban,Male,1618731,2011
district,56,Rural,Male,155375,2011
district,56,Urban,Male,13222,2011
district,57,Rural,Male,160369,2011
district,57,Urban,Male,33622,2011
district,58,Rural,Male,108740,2011
district,58,Urban,Male,5849,2011
district,59,Rural,Male,259381,2011
district,59,Urban,Male,38605,2011
district,60,Rural,Male,392891,2011
district,60,Urban,Male,499308,2011
district,61,Rural,Male,268029,2011
district,61,Urban,Male,58800,2011
district,62,Rural,Male,202930,2011
district,62,Urban,Male,36376,2011
district,63,Rural,Male,119615,2011
district,63,Urban,Male,4711,2011
district,64,Rural,Male,257359,2011
district,64,Urban,Male,33722,2011
district,65,Rural,Male,110842,2011
district,65,Urban,Male,20283,2011
district,66,Rural,Male,299257,2011
district,66,Urban,Male,194409,2011
district,67,Rural,Male,550470,2011
district,67,Urban,Male,308313,2011
district,68,Rural,Male,633784,2011
district,68,Urban,Male,371511,2011
state,6,Rural,Male,8774006,2011
state,6,Urban,Male,4720728,2011
district,69,Rural,Male,133153,2011
district,69,Urban,Male,166526,2011
district,70,Rural,Male,331703,2011
district,70,Urban,Male,267000,2011
district,71,Rural,Male,393957,2011
district,71,Urban,Male,252761,2011
district,72,Rural,Male,361020,2011
district,72,Urban,Male,149956,2011
district,73,Rural,Male,445931,2011
district,73,Urban,Male,125072,2011
district,74,Rural,Male,557110,2011
district,74,Urban,Male,240602,2011
district,75,Rural,Male,349642,2011
district,75,Urban,Male,297215,2011
district,76,Rural,Male,538750,2011
district,76,Urban,Male,242549,2011
district,77,Rural,Male,550519,2011
district,77,Urban,Male,162487,2011
district,78,Rural,Male,400814,2011
district,78,Urban,Male,94546,2011
district,79,Rural,Male,514177,2011
district,79,Urban,Male,168405,2011
district,80,Rural,Male,634139,2011
district,80,Urban,Male,297423,2011
district,81,Rural,Male,696212,2011
district,81,Urban,Male,170460,2011
district,82,Rural,Male,332034,2011
district,82,Urban,Male,236445,2011
district,83,Rural,Male,384219,2011
district,83,Urban,Male,130448,2011
district,84,Rural,Male,416358,2011
district,84,Urban,Male,70307,2011
district,85,Rural,Male,349710,2011
district,85,Urban,Male,124625,2011
district,86,Rural,Male,251462,2011
district,86,Urban,Male,565228,2011
district,87,Rural,Male,506086,2011
district,87,Urban,Male,65076,2011
district,88,Rural,Male,198103,2011
district,88,Urban,Male,768007,2011
district,89,Rural,Male,428907,2011
district,89,Urban,Male,125590,2011
state,7,Rural,Male,226321,2011
state,7,Urban,Male,8761005,2011
district,90,Rural,Male,115680,2011
district,90,Urban,Male,1845242,2011
district,91,Rural,Male,9546,2011
district,91,Urban,Male,465456,2011
district,92,Rural,Male,11718,2011
district,92,Urban,Male,1176707,2011
district,93,Rural,Male,1861,2011
district,93,Urban,Male,905639,2011
district,94,Rural,Male,0,2011
district,94,Urban,Male,77942,2011
district,95,Rural,Male,0,2011
district,95,Urban,Male,307821,2011
district,96,Rural,Male,3355,2011
district,96,Urban,Male,1352885,2011
district,97,Rural,Male,77342,2011
district,97,Urban,Male,1168704,2011
district,98,Rural,Male,6819,2011
district,98,Urban,Male,1460609,2011
state,8,Rural,Male,26641747,2011
state,8,Urban,Male,8909250,2011
district,99,Rural,Male,758269,2011
district,99,Urban,Male,285071,2011
district,100,Rural,Male,746887,2011
district,100,Urban,Male,184297,2011
district,101,Rural,Male,821434,2011
district,101,Urban,Male,419367,2011
district,102,Rural,Male,755028,2011
district,102,Urban,Male,296418,2011
district,103,Rural,Male,842718,2011
district,103,Urban,Male,253178,2011
district,104,Rural,Male,1589508,2011
district,104,Urban,Male,349518,2011
district,105,Rural,Male,1093357,2011
district,105,Urban,Male,262369,2011
district,106,Rural,Male,520930,2011
district,106,Urban,Male,132717,2011
district,107,Rural,Male,668185,2011
district,107,Urban,Male,115454,2011
district,108,Rural,Male,564592,2011
district,108,Urban,Male,139439,2011
district,109,Rural,Male,751900,2011
district,109,Urban,Male,105887,2011
district,110,Rural,Male,1642924,2011
district,110,Urban,Male,1825583,2011
district,111,Rural,Male,1047469,2011
district,111,Urban,Male,327521,2011
district,112,Rural,Male,1368771,2011
district,112,Urban,Male,327554,2011
district,113,Rural,Male,1260328,2011
district,113,Urban,Male,663600,2011
district,114,Rural,Male,312447,2011
district,114,Urban,Male,49261,2011
district,115,Rural,Male,1273249,2011
district,115,Urban,Male,95773,2011
district,116,Rural,Male,857619,2011
district,116,Urban,Male,79015,2011
district,117,Rural,Male,424252,2011
district,117,Urban,Male,109979,2011
district,118,Rural,Male,787559,2011
district,118,Urban,Male,237863,2011
district,119,Rural,Male,789397,2011
district,119,Urban,Male,534688,2011
district,120,Rural,Male,568045,2011
district,120,Urban,Male,160091,2011
district,121,Rural,Male,461734,2011
district,121,Urban,Male,115426,2011
district,122,Rural,Male,955378,2011
district,122,Urban,Male,265358,2011
district,123,Rural,Male,486960,2011
district,123,Urban,Male,94379,2011
district,124,Rural,Male,651046,2011
district,124,Urban,Male,45486,2011
district,125,Rural,Male,842767,2011
district,125,Urban,Male,64987,2011
district,126,Rural,Male,636415,2011
district,126,Urban,Male,146756,2011
district,127,Rural,Male,401331,2011
district,127,Urban,Male,619830,2011
district,128,Rural,Male,502228,2011
district,128,Urban,Male,131717,2011
district,129,Rural,Male,606533,2011
district,129,Urban,Male,118610,2011
district,130,Rural,Male,1251316,2011
district,130,Urban,Male,315485,2011
district,131,Rural,Male,401171,2011
district,131,Urban,Male,36573,2011
state,9,Rural,Male,80992995,2011
state,9,Urban,Male,23487515,2011
district,132,Rural,Male,1269803,2011
district,132,Urban,Male,564303,2011
district,133,Rural,Male,1565004,2011
district,133,Urban,Male,628430,2011
district,134,Rural,Male,1438412,2011
district,134,Urban,Male,482803,2011
district,135,Rural,Male,1680022,2011
district,135,Urban,Male,823164,2011
district,136,Rural,Male,916878,2011
district,136,Urban,Male,307011,2011
district,137,Rural,Male,724539,2011
district,137,Urban,Male,238910,2011
district,138,Rural,Male,894920,2011
district,138,Urban,Male,930823,2011
district,139,Rural,Male,553807,2011
district,139,Urban,Male,146263,2011
district,140,Rural,Male,808222,2011
district,140,Urban,Male,1680612,2011
district,141,Rural,Male,359605,2011
district,141,Urban,Male,530609,2011
district,142,Rural,Male,1390490,2011
district,142,Urban,Male,454770,2011
district,143,Rural,Male,1308923,2011
district,143,Urban,Male,643073,2011
district,144,Rural,Male,659814,2011
district,144,Urban,Male,176313,2011
district,145,Rural,Male,962028,2011
district,145,Urban,Male,405097,2011
district,146,Rural,Male,1285184,2011
district,146,Urban,Male,1079769,2011
district,147,Rural,Male,891872,2011
district,147,Urban,Male,440174,2011
district,148,Rural,Male,842374,2011
district,148,Urban,Male,151003,2011
district,149,Rural,Male,1630376,2011
district,149,Urban,Male,337383,2011
district,150,Rural,Male,1530356,2011
district,150,Urban,Male,827309,2011
district,151,Rural,Male,886789,2011
district,151,Urban,Male,185213,2011
district,152,Rural,Male,1293714,2011
district,152,Urban,Male,312689,2011
district,153,Rural,Male,1880679,2011
district,153,Urban,Male,242508,2011
district,154,Rural,Male,2098123,2011
district,154,Urban,Male,277141,2011
district,155,Rural,Male,1906147,2011
district,155,Urban,Male,285295,2011
district,156,Rural,Male,1351897,2011
district,156,Urban,Male,278190,2011
district,157,Rural,Male,813752,2011
district,157,Urban,Male,1580724,2011
district,158,Rural,Male,1592449,2011
district,158,Urban,Male,160093,2011
district,159,Rural,Male,785301,2011
district,159,Urban,Male,220939,2011
district,160,Rural,Male,734245,2011
district,160,Urban,Male,147531,2011
district,161,Rural,Male,652740,2011
district,161,Urban,Male,193116,2011
district,162,Rural,Male,616494,2011
district,162,Urban,Male,123546,2011
district,163,Rural,Male,871508,2011
district,163,Urban,Male,91747,2011
district,164,Rural,Male,837260,2011
district,164,Urban,Male,1622546,2011
district,165,Rural,Male,683656,2011
district,165,Urban,Male,222436,2011
district,166,Rural,Male,615629,2011
district,166,Urban,Male,441807,2011
district,167,Rural,Male,549478,2011
district,167,Urban,Male,91533,2011
district,168,Rural,Male,481373,2011
district,168,Urban,Male,112164,2011
district,169,Rural,Male,368009,2011
district,169,Urban,Male,98349,2011
district,170,Rural,Male,819243,2011
district,170,Urban,Male,146633,2011
district,171,Rural,Male,476794,2011
district,171,Urban,Male,50927,2011
district,172,Rural,Male,1215690,2011
district,172,Urban,Male,169032,2011
district,173,Rural,Male,1515583,2011
district,173,Urban,Male,90502,2011
district,174,Rural,Male,773335,2011
district,174,Urban,Male,65150,2011
district,175,Rural,Male,2340959,2011
district,175,Urban,Male,790848,2011
district,176,Rural,Male,1533455,2011
district,176,Urban,Male,173618,2011
district,177,Rural,Male,1079257,2011
district,177,Urban,Male,180371,2011
district,178,Rural,Male,1067762,2011
district,178,Urban,Male,144648,2011
district,179,Rural,Male,1810496,2011
district,179,Urban,Male,104090,2011
district,180,Rural,Male,1695122,2011
district,180,Urban,Male,148762,2011
district,181,Rural,Male,573681,2011
district,181,Urban,Male,20216,2011
district,182,Rural,Male,1027943,2011
district,182,Urban,Male,86778,2011
district,183,Rural,Male,1669058,2011
district,183,Urban,Male,118088,2011
district,184,Rural,Male,1212141,2011
district,184,Urban,Male,82954,2011
district,185,Rural,Male,1182846,2011
district,185,Urban,Male,72426,2011
district,186,Rural,Male,802609,2011
district,186,Urban,Male,67047,2011
district,187,Rural,Male,1312126,2011
district,187,Urban,Male,69628,2011
district,188,Rural,Male,1838726,2011
district,188,Urban,Male,439051,2011
district,189,Rural,Male,1730377,2011
district,189,Urban,Male,87678,2011
district,190,Rural,Male,1373111,2011
district,190,Urban,Male,164325,2011
district,191,Rural,Male,2082707,2011
district,191,Urban,Male,202297,2011
district,192,Rural,Male,858843,2011
district,192,Urban,Male,255866,2011
district,193,Rural,Male,1514018,2011
district,193,Urban,Male,158884,2011
district,194,Rural,Male,2041217,2011
district,194,Urban,Male,179248,2011
district,195,Rural,Male,1711651,2011
district,195,Urban,Male,143424,2011
district,196,Rural,Male,890630,2011
district,196,Urban,Male,127275,2011
district,197,Rural,Male,1076526,2011
district,197,Urban,Male,845331,2011
district,198,Rural,Male,686589,2011
district,198,Urban,Male,120510,2011
district,199,Rural,Male,1127138,2011
district,199,Urban,Male,185164,2011
district,200,Rural,Male,803345,2011
district,200,Urban,Male,167999,2011
district,201,Rural,Male,805589,2011
district,201,Urban,Male,141750,2011
district,202,Rural,Male,612556,2011
district,202,Urban,Male,151609,2011
state,10,Rural,Male,48073850,2011
state,10,Urban,Male,6204307,2011
district,203,Rural,Male,1853809,2011
district,203,Urban,Male,207301,2011
district,204,Rural,Male,2468181,2011
district,204,Urban,Male,213028,2011
district,205,Rural,Male,331792,2011
district,205,Urban,Male,14881,2011
district,206,Rural,Male,1701685,2011
district,206,Urban,Male,101567,2011
district,207,Rural,Male,2244287,2011
district,207,Urban,Male,85026,2011
district,208,Rural,Male,1099495,2011
district,208,Urban,Male,55788,2011
district,209,Rural,Male,1374254,2011
district,209,Urban,Male,89079,2011
district,210,Rural,Male,783318,2011
district,210,Urban,Male,83652,2011
district,211,Rural,Male,1519522,2011
district,211,Urban,Male,179848,2011
district,212,Rural,Male,1455744,2011
district,212,Urban,Male,144686,2011
district,213,Rural,Male,1000760,2011
district,213,Urban,Male,46799,2011
district,214,Rural,Male,913883,2011
district,214,Urban,Male,83291,2011
district,215,Rural,Male,1858545,2011
district,215,Urban,Male,201404,2011
district,216,Rural,Male,2276812,2011
district,216,Urban,Male,250685,2011
district,217,Rural,Male,1184967,2011
district,217,Urban,Male,82699,2011
district,218,Rural,Male,1579685,2011
district,218,Urban,Male,95405,2011
district,219,Rural,Male,1838119,2011
district,219,Urban,Male,184702,2011
district,220,Rural,Male,1721221,2011
district,220,Urban,Male,123314,2011
district,221,Rural,Male,2152273,2011
district,221,Urban,Male,77730,2011
district,222,Rural,Male,1266308,2011
district,222,Urban,Male,301352,2011
district,223,Rural,Male,837281,2011
district,223,Urban,Male,46505,2011
district,224,Rural,Male,1295386,2011
district,224,Urban,Male,320277,2011
district,225,Rural,Male,1029097,2011
district,225,Urban,Male,38043,2011
district,226,Rural,Male,527299,2011
district,226,Urban,Male,201742,2011
district,227,Rural,Male,450863,2011
district,227,Urban,Male,75482,2011
district,228,Rural,Male,272360,2011
district,228,Urban,Male,57383,2011
district,229,Rural,Male,1257728,2011
district,229,Urban,Male,239332,2011
district,230,Rural,Male,1746025,2011
district,230,Urban,Male,1332487,2011
district,231,Rural,Male,1224274,2011
district,231,Urban,Male,206106,2011
district,232,Rural,Male,801086,2011
district,232,Urban,Male,86891,2011
district,233,Rural,Male,812298,2011
district,233,Urban,Male,34708,2011
district,234,Rural,Male,1318276,2011
district,234,Urban,Male,225270,2011
district,235,Rural,Male,1194619,2011
district,235,Urban,Male,124065,2011
district,236,Rural,Male,1960592,2011
district,236,Urban,Male,305974,2011
district,237,Rural,Male,1031656,2011
district,237,Urban,Male,113012,2011
district,238,Rural,Male,839776,2011
district,238,Urban,Male,76288,2011
district,239,Rural,Male,514154,2011
district,239,Urban,Male,71428,2011
district,240,Rural,Male,336420,2011
district,240,Urban,Male,27077,2011
state,11,Rural,Male,242797,2011
state,11,Urban,Male,80273,2011
district,241,Rural,Male,22274,2011
district,241,Urban,Male,2456,2011
district,242,Rural,Male,67528,2011
district,242,Urban,Male,2710,2011
district,243,Rural,Male,65848,2011
district,243,Urban,Male,10822,2011
district,244,Rural,Male,87147,2011
district,244,Urban,Male,64285,2011
state,12,Rural,Male,546011,2011
state,12,Urban,Male,167901,2011
district,245,Rural,Male,20792,2011
district,245,Urban,Male,8359,2011
district,246,Rural,Male,37809,2011
district,246,Urban,Male,8346,2011
district,247,Rural,Male,29506,2011
district,247,Urban,Male,9269,2011
district,248,Rural,Male,39935,2011
district,248,Urban,Male,49247,2011
district,249,Rural,Male,34840,2011
district,249,Urban,Male,6918,2011
district,250,Rural,Male,44687,2011
district,250,Urban,Male,13481,2011
district,251,Rural,Male,36147,2011
district,251,Urban,Male,13969,2011
district,252,Rural,Male,15335,2011
district,252,Urban,Male,3364,2011
district,253,Rural,Male,66283,2011
district,253,Urban,Male,10665,2011
district,254,Rural,Male,46185,2011
district,254,Urban,Male,11419,2011
district,255,Rural,Male,35460,2011
district,255,Urban,Male,6383,2011
district,256,Rural,Male,44072,2011
district,256,Urban,Male,1246,2011
district,257,Rural,Male,3098,2011
district,257,Urban,Male,1316,2011
district,258,Rural,Male,21989,2011
district,258,Urban,Male,6064,2011
district,259,Rural,Male,58991,2011
district,259,Urban,Male,17230,2011
district,260,Rural,Male,10882,2011
district,260,Urban,Male,625,2011
state,13,Rural,Male,725472,2011
state,13,Urban,Male,299177,2011
district,261,Rural,Male,113469,2011
district,261,Urban,Male,18284,2011
district,262,Rural,Male,71373,2011
district,262,Urban,Male,29719,2011
district,263,Rural,Male,56786,2011
district,263,Urban,Male,14431,2011
district,264,Rural,Male,66435,2011
district,264,Urban,Male,18070,2011
district,265,Rural,Male,93435,2011
district,265,Urban,Male,103959,2011
district,266,Rural,Male,70529,2011
district,266,Urban,Male,13214,2011
district,267,Rural,Male,82462,2011
district,267,Urban,Male,19471,2011
district,268,Rural,Male,22511,2011
district,268,Urban,Male,3991,2011
district,269,Rural,Male,29243,2011
district,269,Urban,Male,8587,2011
district,270,Rural,Male,76369,2011
district,270,Urban,Male,62597,2011
district,271,Rural,Male,42860,2011
district,271,Urban,Male,6854,2011
state,14,Rural,Male,1026884,2011
state,14,Urban,Male,411702,2011
district,272,Rural,Male,243603,2011
district,272,Urban,Male,3720,2011
district,273,Rural,Male,62534,2011
district,273,Urban,Male,9837,2011
district,274,Rural,Male,129659,2011
district,274,Urban,Male,9161,2011
district,275,Rural,Male,75171,2011
district,275,Urban,Male,43611,2011
district,276,Rural,Male,135470,2011
district,276,Urban,Male,75375,2011
district,277,Rural,Male,96948,2011
district,277,Urban,Male,158106,2011
district,278,Rural,Male,136789,2011
district,278,Urban,Male,89305,2011
district,279,Rural,Male,80801,2011
district,279,Urban,Male,13917,2011
district,280,Rural,Male,65909,2011
district,280,Urban,Male,8670,2011
state,15,Rural,Male,269135,2011
state,15,Urban,Male,286204,2011
district,281,Rural,Male,37135,2011
district,281,Urban,Male,7693,2011
district,282,Rural,Male,19097,2011
district,282,Urban,Male,23821,2011
district,283,Rural,Male,43780,2011
district,283,Urban,Male,155490,2011
district,284,Rural,Male,39110,2011
district,284,Urban,Male,24278,2011
district,285,Rural,Male,16643,2011
district,285,Urban,Male,16208,2011
district,286,Rural,Male,47577,2011
district,286,Urban,Male,35314,2011
district,287,Rural,Male,49940,2011
district,287,Urban,Male,10659,2011
district,288,Rural,Male,15853,2011
district,288,Urban,Male,12741,2011
state,16,Rural,Male,1387173,2011
state,16,Urban,Male,487203,2011
district,289,Rural,Male,536720,2011
district,289,Urban,Male,342708,2011
district,290,Rural,Male,384787,2011
district,290,Urban,Male,62757,2011
district,291,Rural,Male,173773,2011
district,291,Urban,Male,20771,2011
district,292,Rural,Male,291893,2011
district,292,Urban,Male,60967,2011
state,17,Rural,Male,1194260,2011
state,17,Urban,Male,297572,2011
district,293,Rural,Male,286923,2011
district,293,Urban,Male,37236,2011
district,294,Rural,Male,138763,2011
district,294,Urban,Male,22460,2011
district,295,Rural,Male,66470,2011
district,295,Urban,Male,6700,2011
district,296,Rural,Male,172380,2011
district,296,Urban,Male,21335,2011
district,297,Rural,Male,118705,2011
district,297,Urban,Male,13826,2011
district,298,Rural,Male,228409,2011
district,298,Urban,Male,182340,2011
district,299,Rural,Male,182610,2011
district,299,Urban,Male,13675,2011
state,18,Rural,Male,13678989,2011
state,18,Urban,Male,2260454,2011
district,300,Rural,Male,424446,2011
district,300,Urban,Male,28459,2011
district,301,Rural,Male,893914,2011
district,301,Urban,Male,103934,2011
district,302,Rural,Male,443244,2011
district,302,Urban,Male,70048,2011
district,303,Rural,Male,791789,2011
district,303,Urban,Male,75215,2011
district,304,Rural,Male,449123,2011
district,304,Urban,Male,37528,2011
district,305,Rural,Male,1250985,2011
district,305,Urban,Male,188127,2011
district,306,Rural,Male,894985,2011
district,306,Urban,Male,88919,2011
district,307,Rural,Male,482582,2011
district,307,Urban,Male,47092,2011
district,308,Rural,Male,326278,2011
district,308,Urban,Male,24971,2011
district,309,Rural,Male,541395,2011
district,309,Urban,Male,138836,2011
district,310,Rural,Male,550299,2011
district,310,Urban,Male,126135,2011
district,311,Rural,Male,531286,2011
district,311,Urban,Male,57930,2011
district,312,Rural,Male,442968,2011
district,312,Urban,Male,113837,2011
district,313,Rural,Male,493125,2011
district,313,Urban,Male,50036,2011
district,314,Rural,Male,431924,2011
district,314,Urban,Male,58243,2011
district,315,Rural,Male,77817,2011
district,315,Urban,Male,32985,2011
district,316,Rural,Male,727083,2011
district,316,Urban,Male,159201,2011
district,317,Rural,Male,570510,2011
district,317,Urban,Male,55354,2011
district,318,Rural,Male,313747,2011
district,318,Urban,Male,24143,2011
district,319,Rural,Male,319786,2011
district,319,Urban,Male,56032,2011
district,320,Rural,Male,226895,2011
district,320,Urban,Male,17965,2011
district,321,Rural,Male,706140,2011
district,321,Urban,Male,72321,2011
district,322,Rural,Male,111062,2011
district,322,Urban,Male,536523,2011
district,323,Rural,Male,353677,2011
district,323,Urban,Male,42329,2011
district,324,Rural,Male,475027,2011
district,324,Urban,Male,6303,2011
district,325,Rural,Male,446460,2011
district,325,Urban,Male,28813,2011
district,326,Rural,Male,402442,2011
district,326,Urban,Male,19175,2011
state,19,Rural,Male,31844945,2011
state,19,Urban,Male,14964082,2011
district,327,Rural,Male,566965,2011
district,327,Urban,Male,370294,2011
district,328,Rural,Male,1437286,2011
district,328,Urban,Male,545778,2011
district,329,Rural,Male,1304916,2011
district,329,Urban,Male,146626,2011
district,330,Rural,Male,1362469,2011
district,330,Urban,Male,188597,2011
district,331,Rural,Male,737771,2011
district,331,Urban,Male,119428,2011
district,332,Rural,Male,1768336,2011
district,332,Urban,Male,283205,2011
district,333,Rural,Male,2917822,2011
district,333,Urban,Male,709742,2011
district,334,Rural,Male,1561976,2011
district,334,Urban,Male,228944,2011
district,335,Rural,Male,2373787,2011
district,335,Urban,Male,1593102,2011
district,336,Rural,Male,1921112,2011
district,336,Urban,Male,732656,2011
district,337,Rural,Male,2196554,2011
district,337,Urban,Male,2922835,2011
district,338,Rural,Male,1722945,2011
district,338,Urban,Male,1091708,2011
district,339,Rural,Male,1685777,2011
district,339,Urban,Male,152318,2011
district,340,Rural,Male,1304208,2011
district,340,Urban,Male,192788,2011
district,341,Rural,Male,909519,2011
district,341,Urban,Male,1591300,2011
district,342,Rural,Male,0,2011
district,342,Urban,Male,2356766,2011
district,343,Rural,Male,3109219,2011
district,343,Urban,Male,1064559,2011
district,344,Rural,Male,2641721,2011
district,344,Urban,Male,366164,2011
district,345,Rural,Male,2322562,2011
district,345,Urban,Male,307272,2011
state,20,Rural,Male,12776486,2011
state,20,Urban,Male,4153829,2011
district,346,Rural,Male,646947,2011
district,346,Urban,Male,36628,2011
district,347,Rural,Male,500211,2011
district,347,Urban,Male,33724,2011
district,348,Rural,Male,293595,2011
district,348,Urban,Male,73627,2011
district,349,Rural,Male,1149608,2011
district,349,Urban,Male,108490,2011
district,350,Rural,Male,638136,2011
district,350,Urban,Male,136886,2011
district,351,Rural,Male,643907,2011
district,351,Urban,Male,34020,2011
district,352,Rural,Male,505892,2011
district,352,Urban,Male,83499,2011
district,353,Rural,Male,418251,2011
district,353,Urban,Male,34410,2011
district,354,Rural,Male,581956,2011
district,354,Urban,Male,824000,2011
district,355,Rural,Male,554954,2011
district,355,Urban,Male,517853,2011
district,356,Rural,Male,203255,2011
district,356,Urban,Male,29374,2011
district,357,Rural,Male,514498,2011
district,357,Urban,Male,662404,2011
district,358,Rural,Male,887551,2011
district,358,Urban,Male,118751,2011
district,359,Rural,Male,342566,2011
district,359,Urban,Male,27100,2011
district,360,Rural,Male,746934,2011
district,360,Urban,Male,143947,2011
district,361,Rural,Male,272167,2011
district,361,Urban,Male,222063,2011
district,362,Rural,Male,620928,2011
district,362,Urban,Male,47586,2011
district,363,Rural,Male,365043,2011
district,363,Urban,Male,39787,2011
district,364,Rural,Male,840528,2011
district,364,Urban,Male,654409,2011
district,365,Rural,Male,243494,2011
district,365,Urban,Male,22841,2011
district,366,Rural,Male,481135,2011
district,366,Urban,Male,33255,2011
district,367,Rural,Male,278425,2011
district,367,Urban,Male,21884,2011
district,368,Rural,Male,637657,2011
district,368,Urban,Male,111728,2011
district,369,Rural,Male,408848,2011
district,369,Urban,Male,135563,2011
state,21,Rural,Male,17586203,2011
state,21,Urban,Male,3625933,2011
district,370,Rural,Male,672603,2011
district,370,Urban,Male,76558,2011
district,371,Rural,Male,176162,2011
district,371,Urban,Male,120528,2011
district,372,Rural,Male,368692,2011
district,372,Urban,Male,158185,2011
district,373,Rural,Male,146666,2011
district,373,Urban,Male,11564,2011
district,374,Rural,Male,676068,2011
district,374,Urban,Male,385079,2011
district,375,Rural,Male,774667,2011
district,375,Urban,Male,131820,2011
district,376,Rural,Male,1157576,2011
district,376,Urban,Male,98637,2011
district,377,Rural,Male,1056466,2011
district,377,Urban,Male,129321,2011
district,378,Rural,Male,665255,2011
district,378,Urban,Male,95005,2011
district,379,Rural,Male,675053,2011
district,379,Urban,Male,42761,2011
district,380,Rural,Male,516813,2011
district,380,Urban,Male,61052,2011
district,381,Rural,Male,970885,2011
district,381,Urban,Male,381875,2011
district,382,Rural,Male,856539,2011
district,382,Urban,Male,69495,2011
district,383,Rural,Male,551326,2011
district,383,Urban,Male,61267,2011
district,384,Rural,Male,546385,2011
district,384,Urban,Male,109333,2011
district,385,Rural,Male,461019,2011
district,385,Urban,Male,41617,2011
district,386,Rural,Male,595809,2011
district,386,Urban,Male,571328,2011
district,387,Rural,Male,728213,2011
district,387,Urban,Male,137167,2011
district,388,Rural,Male,1383636,2011
district,388,Urban,Male,395582,2011
district,389,Rural,Male,247655,2011
district,389,Urban,Male,35227,2011
district,390,Rural,Male,323523,2011
district,390,Urban,Male,36422,2011
district,391,Rural,Male,211133,2011
district,391,Urban,Male,10492,2011
district,392,Rural,Male,285634,2011
district,392,Urban,Male,25678,2011
district,393,Rural,Male,728770,2011
district,393,Urban,Male,101327,2011
district,394,Rural,Male,284792,2011
district,394,Urban,Male,17170,2011
district,395,Rural,Male,724646,2011
district,395,Urban,Male,62455,2011
district,396,Rural,Male,397774,2011
district,396,Urban,Male,74186,2011
district,397,Rural,Male,560771,2011
district,397,Urban,Male,44041,2011
district,398,Rural,Male,563771,2011
district,398,Urban,Male,115038,2011
district,399,Rural,Male,277901,2011
district,399,Urban,Male,25723,2011
state,22,Rural,Male,9797426,2011
state,22,Urban,Male,3035469,2011
district,400,Rural,Male,228338,2011
district,400,Urban,Male,106399,2011
district,401,Rural,Male,1067908,2011
district,401,Urban,Male,125221,2011
district,402,Rural,Male,386307,2011
district,402,Urban,Male,38440,2011
district,403,Rural,Male,623817,2011
district,403,Urban,Male,126461,2011
district,404,Rural,Male,381424,2011
district,404,Urban,Male,231491,2011
district,405,Rural,Male,701401,2011
district,405,Urban,Male,114316,2011
district,406,Rural,Male,1002520,2011
district,406,Urban,Male,349054,2011
district,407,Rural,Male,367941,2011
district,407,Urban,Male,44117,2011
district,408,Rural,Male,626212,2011
district,408,Urban,Male,136643,2011
district,409,Rural,Male,1026152,2011
district,409,Urban,Male,655949,2011
district,410,Rural,Male,1288567,2011
district,410,Urban,Male,759619,2011
district,411,Rural,Male,451691,2011
district,411,Urban,Male,60276,2011
district,412,Rural,Male,323420,2011
district,412,Urban,Male,74477,2011
district,413,Rural,Male,335149,2011
district,413,Urban,Male,38189,2011
district,414,Rural,Male,600652,2011
district,414,Urban,Male,97835,2011
district,415,Rural,Male,58653,2011
district,415,Urban,Male,11451,2011
district,416,Rural,Male,213930,2011
district,416,Urban,Male,50212,2011
district,417,Rural,Male,113344,2011
district,417,Urban,Male,15319,2011
state,23,Rural,Male,27149388,2011
state,23,Urban,Male,10462918,2011
district,418,Rural,Male,305360,2011
district,418,Urban,Male,56424,2011
district,419,Rural,Male,815218,2011
district,419,Urban,Male,253199,2011
district,420,Rural,Male,694756,2011
district,420,Urban,Male,232087,2011
district,421,Rural,Male,409349,2011
district,421,Urban,Male,680978,2011
district,422,Rural,Male,323966,2011
district,422,Urban,Male,96191,2011
district,423,Rural,Male,763554,2011
district,423,Urban,Male,156241,2011
district,424,Rural,Male,629477,2011
district,424,Urban,Male,130878,2011
district,425,Rural,Male,725273,2011
district,425,Urban,Male,210848,2011
district,426,Rural,Male,467473,2011
district,426,Urban,Male,66007,2011
district,427,Rural,Male,884133,2011
district,427,Urban,Male,372124,2011
district,428,Rural,Male,530471,2011
district,428,Urban,Male,131402,2011
district,429,Rural,Male,907904,2011
district,429,Urban,Male,249591,2011
district,430,Rural,Male,1017839,2011
district,430,Urban,Male,207261,2011
district,431,Rural,Male,273064,2011
district,431,Urban,Male,57610,2011
district,432,Rural,Male,295013,2011
district,432,Urban,Male,127640,2011
district,433,Rural,Male,540987,2011
district,433,Urban,Male,141864,2011
district,434,Rural,Male,516468,2011
district,434,Urban,Male,221773,2011
district,435,Rural,Male,616353,2011
district,435,Urban,Male,399936,2011
district,436,Rural,Male,629273,2011
district,436,Urban,Male,151247,2011
district,437,Rural,Male,571720,2011
district,437,Urban,Male,233639,2011
district,438,Rural,Male,895113,2011
district,438,Urban,Male,217612,2011
district,439,Rural,Male,436755,2011
district,439,Urban,Male,1262872,2011
district,440,Rural,Male,799396,2011
district,440,Urban,Male,153725,2011
district,441,Rural,Male,594907,2011
district,441,Urban,Male,104433,2011
district,442,Rural,Male,648407,2011
district,442,Urban,Male,141805,2011
district,443,Rural,Male,591962,2011
district,443,Urban,Male,177606,2011
district,444,Rural,Male,238025,2011
district,444,Urban,Male,998105,2011
district,445,Rural,Male,554636,2011
district,445,Urban,Male,129107,2011
district,446,Rural,Male,539960,2011
district,446,Urban,Male,160398,2011
district,447,Rural,Male,640358,2011
district,447,Urban,Male,158878,2011
district,448,Rural,Male,233312,2011
district,448,Urban,Male,61526,2011
district,449,Rural,Male,445062,2011
district,449,Urban,Male,203663,2011
district,450,Rural,Male,525188,2011
district,450,Urban,Male,136825,2011
district,451,Rural,Male,527031,2011
district,451,Urban,Male,750247,2011
district,452,Rural,Male,462699,2011
district,452,Urban,Male,106111,2011
district,453,Rural,Male,335393,2011
district,453,Urban,Male,16520,2011
district,454,Rural,Male,459151,2011
district,454,Urban,Male,66121,2011
district,455,Rural,Male,806199,2011
district,455,Urban,Male,258269,2011
district,456,Rural,Male,612314,2011
district,456,Urban,Male,83565,2011
district,457,Rural,Male,719794,2011
district,457,Urban,Male,122384,2011
district,458,Rural,Male,486127,2011
district,458,Urban,Male,163235,2011
district,459,Rural,Male,363411,2011
district,459,Urban,Male,80426,2011
district,460,Rural,Male,426583,2011
district,460,Urban,Male,113438,2011
district,461,Rural,Male,272030,2011
district,461,Urban,Male,107084,2011
district,462,Rural,Male,527378,2011
district,462,Urban,Male,48534,2011
district,463,Rural,Male,493324,2011
district,463,Urban,Male,120313,2011
district,464,Rural,Male,467468,2011
district,464,Urban,Male,47555,2011
district,465,Rural,Male,333593,2011
district,465,Urban,Male,28949,2011
district,466,Rural,Male,541183,2011
district,466,Urban,Male,133146,2011
district,467,Rural,Male,254978,2011
district,467,Urban,Male,133526,2011
state,24,Rural,Male,17799159,2011
state,24,Urban,Male,13692101,2011
district,468,Rural,Male,713524,2011
district,468,Urban,Male,383213,2011
district,469,Rural,Male,1393741,2011
district,469,Urban,Male,216638,2011
district,470,Rural,Male,548324,2011
district,470,Urban,Male,146073,2011
district,471,Rural,Male,787175,2011
district,471,Urban,Male,269345,2011
district,472,Rural,Male,1056141,2011
district,472,Urban,Male,188090,2011
district,473,Rural,Male,408436,2011
district,473,Urban,Male,315428,2011
district,474,Rural,Male,595583,2011
district,474,Urban,Male,3192468,2011
district,475,Rural,Male,649475,2011
district,475,Urban,Male,260442,2011
district,476,Rural,Male,816264,2011
district,476,Urban,Male,1158181,2011
district,477,Rural,Male,610088,2011
district,477,Urban,Male,504104,2011
district,478,Rural,Male,153260,2011
district,478,Urban,Male,146949,2011
district,479,Rural,Male,940271,2011
district,479,Urban,Male,464085,2011
district,480,Rural,Male,572554,2011
district,480,Urban,Male,198495,2011
district,481,Rural,Male,868833,2011
district,481,Urban,Male,621368,2011
district,482,Rural,Male,758499,2011
district,482,Urban,Male,328725,2011
district,483,Rural,Male,915197,2011
district,483,Urban,Male,270530,2011
district,484,Rural,Male,1053376,2011
district,484,Urban,Male,173585,2011
district,485,Rural,Male,970963,2011
district,485,Urban,Male,97688,2011
district,486,Rural,Male,1077943,2011
district,486,Urban,Male,1075793,2011
district,487,Rural,Male,269408,2011
district,487,Urban,Male,31678,2011
district,488,Rural,Male,529393,2011
district,488,Urban,Male,276314,2011
district,489,Rural,Male,101710,2011
district,489,Urban,Male,12111,2011
district,490,Rural,Male,464749,2011
district,490,Urban,Male,213416,2011
district,491,Rural,Male,542644,2011
district,491,Urban,Male,344578,2011
district,492,Rural,Male,640060,2011
district,492,Urban,Male,2762164,2011
district,493,Rural,Male,361548,2011
district,493,Urban,Male,40640,2011
state,25,Rural,Male,32395,2011
state,25,Urban,Male,117906,2011
district,494,Rural,Male,14028,2011
district,494,Urban,Male,11614,2011
district,495,Rural,Male,18367,2011
district,495,Urban,Male,106292,2011
state,26,Rural,Male,98305,2011
state,26,Urban,Male,95455,2011
district,496,Rural,Male,98305,2011
district,496,Urban,Male,95455,2011
state,27,Rural,Male,31539034,2011
state,27,Urban,Male,26704022,2011
district,497,Rural,Male,687671,2011
district,497,Urban,Male,145499,2011
district,498,Rural,Male,758916,2011
district,498,Urban,Male,295115,2011
district,499,Rural,Male,1500514,2011
district,499,Urban,Male,696851,2011
district,500,Rural,Male,1055242,2011
district,500,Urban,Male,282318,2011
district,501,Rural,Male,563933,2011
district,501,Urban,Male,368401,2011
district,502,Rural,Male,511727,2011
district,502,Urban,Male,108575,2011
district,503,Rural,Male,950633,2011
district,503,Urban,Male,530135,2011
district,504,Rural,Male,451874,2011
district,504,Urban,Male,216511,2011
district,505,Rural,Male,758357,2011
district,505,Urban,Male,1626618,2011
district,506,Rural,Male,487484,2011
district,506,Urban,Male,118036,2011
district,507,Rural,Male,547934,2011
district,507,Urban,Male,113620,2011
district,508,Rural,Male,481290,2011
district,508,Urban,Male,60038,2011
district,509,Rural,Male,726106,2011
district,509,Urban,Male,397728,2011
district,510,Rural,Male,1115148,2011
district,510,Urban,Male,304817,2011
district,511,Rural,Male,1258160,2011
district,511,Urban,Male,471915,2011
district,512,Rural,Male,514430,2011
district,512,Urban,Male,91864,2011
district,513,Rural,Male,651886,2011
district,513,Urban,Male,290984,2011
district,514,Rural,Male,817279,2011
district,514,Urban,Male,194194,2011
district,515,Rural,Male,1081825,2011
district,515,Urban,Male,842644,2011
district,516,Rural,Male,1804712,2011
district,516,Urban,Male,1352474,2011
district,517,Rural,Male,1300136,2011
district,517,Urban,Male,4564942,2011
district,518,Rural,Male,0,2011
district,518,Urban,Male,5031323,2011
district,519,Rural,Male,0,2011
district,519,Urban,Male,1684608,2011
district,520,Rural,Male,836996,2011
district,520,Urban,Male,507349,2011
district,521,Rural,Male,1903440,2011
district,521,Urban,Male,3020665,2011
district,522,Rural,Male,1872907,2011
district,522,Urban,Male,469918,2011
district,523,Rural,Male,1082978,2011
district,523,Urban,Male,266128,2011
district,524,Rural,Male,949707,2011
district,524,Urban,Male,323433,2011
district,525,Rural,Male,716237,2011
district,525,Urban,Male,145298,2011
district,526,Rural,Male,1518343,2011
district,526,Urban,Male,709509,2011
district,527,Rural,Male,1219749,2011
district,527,Urban,Male,291093,2011
district,528,Rural,Male,630213,2011
district,528,Urban,Male,130908,2011
district,529,Rural,Male,363268,2011
district,529,Urban,Male,54064,2011
district,530,Rural,Male,1348815,2011
district,530,Urban,Male,631843,2011
district,531,Rural,Male,1071124,2011
district,531,Urban,Male,364604,2011
district,532,Rural,Male,985303,2011
district,532,Urban,Male,384294,2011
district,533,Rural,Male,958837,2011
district,533,Urban,Male,291804,2011
district,534,Rural,Male,1401950,2011
district,534,Urban,Male,478850,2011
district,535,Rural,Male,1152806,2011
district,535,Urban,Male,370224,2011
district,536,Rural,Male,0,2011
district,536,Urban,Male,2018575,2011
district,537,Rural,Male,801013,2011
district,537,Urban,Male,1899995,2011
district,538,Rural,Male,1742438,2011
district,538,Urban,Male,307948,2011
district,539,Rural,Male,1427716,2011
district,539,Urban,Male,332056,2011
district,540,Rural,Male,1260594,2011
district,540,Urban,Male,498687,2011
district,541,Rural,Male,1066781,2011
district,541,Urban,Male,324207,2011
district,542,Rural,Male,1126888,2011
district,542,Urban,Male,214850,2011
district,543,Rural,Male,920428,2011
district,543,Urban,Male,241049,2011
district,544,Rural,Male,1113234,2011
district,544,Urban,Male,1025676,2011
district,545,Rural,Male,1922293,2011
district,545,Urban,Male,647395,2011
district,546,Rural,Male,1567013,2011
district,546,Urban,Male,397905,2011
district,547,Rural,Male,1343534,2011
district,547,Urban,Male,923841,2011
district,548,Rural,Male,1621491,2011
district,548,Urban,Male,819030,2011
district,549,Rural,Male,1382641,2011
district,549,Urban,Male,332123,2011
district,550,Rural,Male,1060810,2011
district,550,Urban,Male,432164,2011
district,551,Rural,Male,959693,2011
district,551,Urban,Male,492084,2011
district,552,Rural,Male,1464569,2011
district,552,Urban,Male,574658,2011
district,553,Rural,Male,1489157,2011
district,553,Urban,Male,575338,2011
district,554,Rural,Male,1474052,2011
district,554,Urban,Male,616152,2011
state,29,Rural,Male,18929354,2011
state,29,Urban,Male,12037303,2011
district,555,Rural,Male,1811094,2011
district,555,Urban,Male,611969,2011
district,556,Rural,Male,650267,2011
district,556,Urban,Male,299844,2011
district,557,Rural,Male,857562,2011
district,557,Urban,Male,253460,2011
district,558,Rural,Male,651250,2011
district,558,Urban,Male,219415,2011
district,559,Rural,Male,717972,2011
district,559,Urban,Male,246539,2011
district,560,Rural,Male,582958,2011
district,560,Urban,Male,116968,2011
district,561,Rural,Male,347585,2011
district,561,Urban,Male,189562,2011
district,562,Rural,Male,409416,2011
district,562,Urban,Male,527790,2011
district,563,Rural,Male,514910,2011
district,563,Urban,Male,211346,2011
district,564,Rural,Male,638450,2011
district,564,Urban,Male,180678,2011
district,565,Rural,Male,774093,2011
district,565,Urban,Male,462861,2011
district,566,Rural,Male,675573,2011
district,566,Urban,Male,165270,2011
district,567,Rural,Male,668267,2011
district,567,Urban,Male,318133,2011
district,568,Rural,Male,565821,2011
district,568,Urban,Male,311594,2011
district,569,Rural,Male,398847,2011
district,569,Urban,Male,163284,2011
district,570,Rural,Male,447545,2011
district,570,Urban,Male,119077,2011
district,571,Rural,Male,1048710,2011
district,571,Urban,Male,301884,2011
district,572,Rural,Male,464256,2011
district,572,Urban,Male,4558405,2011
district,573,Rural,Male,751243,2011
district,573,Urban,Male,153842,2011
district,574,Rural,Male,695583,2011
district,574,Urban,Male,188084,2011
district,575,Rural,Male,541484,2011
district,575,Urban,Male,493230,2011
district,576,Rural,Male,234161,2011
district,576,Urban,Male,40447,2011
district,577,Rural,Male,887500,2011
district,577,Urban,Male,624100,2011
district,578,Rural,Male,424884,2011
district,578,Urban,Male,87347,2011
district,579,Rural,Male,877144,2011
district,579,Urban,Male,424611,2011
district,580,Rural,Male,479078,2011
district,580,Urban,Male,111251,2011
district,581,Rural,Male,535431,2011
district,581,Urban,Male,240965,2011
district,582,Rural,Male,494463,2011
district,582,Urban,Male,141974,2011
district,583,Rural,Male,371369,2011
district,583,Urban,Male,137803,2011
district,584,Rural,Male,412438,2011
district,584,Urban,Male,135570,2011
state,30,Rural,Male,275436,2011
state,30,Urban,Male,463704,2011
district,585,Rural,Male,163908,2011
district,585,Urban,Male,252769,2011
district,586,Rural,Male,111528,2011
district,586,Urban,Male,210935,2011
state,31,Rural,Male,7243,2011
state,31,Urban,Male,25880,2011
district,587,Rural,Male,7243,2011
district,587,Urban,Male,25880,2011
state,32,Rural,Male,8408054,2011
state,32,Urban,Male,7619358,2011
district,588,Rural,Male,387716,2011
district,588,Urban,Male,240897,2011
district,589,Rural,Male,425682,2011
district,589,Urban,Male,755764,2011
district,590,Rural,Male,386283,2011
district,590,Urban,Male,15401,2011
district,591,Rural,Male,484784,2011
district,591,Urban,Male,986158,2011
district,592,Rural,Male,1095308,2011
district,592,Urban,Male,865020,2011
district,593,Rural,Male,1031466,2011
district,593,Urban,Male,328012,2011
district,594,Rural,Male,488303,2011
district,594,Urban,Male,992460,2011
district,595,Rural,Male,518510,2011
district,595,Urban,Male,1101047,2011
district,596,Rural,Male,527245,2011
district,596,Urban,Male,25563,2011
district,597,Rural,Male,692673,2011
district,597,Urban,Male,275616,2011
district,598,Rural,Male,464713,2011
district,598,Urban,Male,548429,2011
district,599,Rural,Male,499820,2011
district,599,Urban,Male,61896,2011
district,600,Rural,Male,680687,2011
district,600,Urban,Male,566281,2011
district,601,Rural,Male,724864,2011
district,601,Urban,Male,856814,2011
state,33,Rural,Male,18679065,2011
state,33,Urban,Male,17458910,2011
district,602,Rural,Male,650462,2011
district,602,Urban,Male,1225600,2011
district,603,Rural,Male,0,2011
district,603,Urban,Male,2335844,2011
district,604,Rural,Male,734979,2011
district,604,Urban,Male,1277979,2011
district,605,Rural,Male,1117101,2011
district,605,Urban,Male,844587,2011
district,606,Rural,Male,989726,2011
district,606,Urban,Male,246163,2011
district,607,Rural,Male,1481475,2011
district,607,Urban,Male,259344,2011
district,608,Rural,Male,883274,2011
district,608,Urban,Male,898297,2011
district,609,Rural,Male,520684,2011
district,609,Urban,Male,348596,2011
district,610,Rural,Male,552393,2011
district,610,Urban,Male,577475,2011
district,611,Rural,Male,145909,2011
district,611,Urban,Male,214234,2011
district,612,Rural,Male,678605,2011
district,612,Urban,Male,402333,2011
district,613,Rural,Male,312628,2011
district,613,Urban,Male,215556,2011
district,614,Rural,Male,688552,2011
district,614,Urban,Male,663732,2011
district,615,Rural,Male,233926,2011
district,615,Urban,Male,48231,2011
district,616,Rural,Male,333253,2011
district,616,Urban,Male,41450,2011
district,617,Rural,Male,868861,2011
district,617,Urban,Male,442836,2011
district,618,Rural,Male,619369,2011
district,618,Urban,Male,178758,2011
district,619,Rural,Male,499954,2011
district,619,Urban,Male,126739,2011
district,620,Rural,Male,765177,2011
district,620,Urban,Male,417239,2011
district,621,Rural,Male,645505,2011
district,621,Urban,Male,157683,2011
district,622,Rural,Male,462210,2011
district,622,Urban,Male,206462,2011
district,623,Rural,Male,601247,2011
district,623,Urban,Male,925228,2011
district,624,Rural,Male,290880,2011
district,624,Urban,Male,334803,2011
district,625,Rural,Male,480360,2011
district,625,Urban,Male,487349,2011
district,626,Rural,Male,474508,2011
district,626,Urban,Male,208150,2011
district,627,Rural,Male,430361,2011
district,627,Urban,Male,434660,2011
district,628,Rural,Male,768728,2011
district,628,Urban,Male,752184,2011
district,629,Rural,Male,164938,2011
district,629,Urban,Male,761407,2011
district,630,Rural,Male,643215,2011
district,630,Urban,Male,131088,2011
district,631,Rural,Male,742444,2011
district,631,Urban,Male,217788,2011
district,632,Rural,Male,419032,2011
district,632,Urban,Male,1310265,2011
district,633,Rural,Male,479309,2011
district,633,Urban,Male,766850,2011
state,34,Rural,Male,194907,2011
state,34,Urban,Male,417604,2011
district,634,Rural,Male,0,2011
district,634,Urban,Male,27301,2011
district,635,Rural,Male,144769,2011
district,635,Urban,Male,323489,2011
district,636,Rural,Male,0,2011
district,636,Urban,Male,19143,2011
district,637,Rural,Male,50138,2011
district,637,Urban,Male,47671,2011
state,35,Rural,Male,126287,2011
state,35,Urban,Male,76584,2011
district,638,Rural,Male,20727,2011
district,638,Urban,Male,0,2011
district,639,Rural,Male,53457,2011
district,639,Urban,Male,1404,2011
district,640,Rural,Male,52103,2011
district,640,Urban,Male,75180,2011
state,1,Rural,Female,4333583,2011
state,1,Urban,Female,1567057,2011
district,1,Rural,Female,353587,2011
district,1,Urban,Female,42577,2011
district,2,Rural,Female,312448,2011
district,2,Urban,Female,43256,2011
district,3,Rural,Female,39405,2011
district,3,Urban,Female,15111,2011
district,4,Rural,Female,56761,2011
district,4,Urban,Female,6256,2011
district,5,Rural,Female,208431,2011
district,5,Urban,Female,16505,2011
district,6,Rural,Female,279353,2011
district,6,Urban,Female,17711,2011
district,7,Rural,Female,248596,2011
district,7,Urban,Female,41730,2011
district,8,Rural,Female,393140,2011
district,8,Urban,Female,80166,2011
district,9,Rural,Female,154608,2011
district,9,Urban,Female,29944,2011
district,10,Rural,Female,8397,2011
district,10,Urban,Female,577308,2011
district,11,Rural,Female,116692,2011
district,11,Urban,Female,22034,2011
district,12,Rural,Female,231882,2011
district,12,Urban,Female,35494,2011
district,13,Rural,Female,122694,2011
district,13,Urban,Female,7041,2011
district,14,Rural,Female,384793,2011
district,14,Urban,Female,134132,2011
district,15,Rural,Female,168296,2011
district,15,Urban,Female,38567,2011
district,16,Rural,Female,181817,2011
district,16,Urban,Female,14478,2011
district,17,Rural,Female,129585,2011
district,17,Urban,Female,4996,2011
district,18,Rural,Female,103845,2011
district,18,Urban,Female,6686,2011
district,19,Rural,Female,213803,2011
district,19,Urban,Female,44398,2011
district,20,Rural,Female,136190,2011
district,20,Urban,Female,12016,2011
district,21,Rural,Female,363342,2011
district,21,Urban,Female,352795,2011
district,22,Rural,Female,125918,2011
district,22,Urban,Female,23856,2011
state,2,Rural,Female,3065705,2011
state,2,Urban,Female,317024,2011
district,23,Rural,Female,241009,2011
district,23,Urban,Female,16751,2011
district,24,Rural,Female,718429,2011
district,24,Urban,Female,41055,2011
district,25,Rural,Female,14976,2011
district,25,Urban,Female,0,2011
district,26,Rural,Female,193243,2011
district,26,Urban,Female,19208,2011
district,27,Rural,Female,471090,2011
district,27,Urban,Female,30622,2011
district,28,Rural,Female,222590,2011
district,28,Urban,Female,15108,2011
district,29,Rural,Female,236006,2011
district,29,Urban,Female,21475,2011
district,30,Rural,Female,177174,2011
district,30,Urban,Female,12018,2011
district,31,Rural,Female,228437,2011
district,31,Urban,Female,43129,2011
district,32,Rural,Female,226515,2011
district,32,Urban,Female,27051,2011
district,33,Rural,Female,298364,2011
district,33,Urban,Female,90607,2011
district,34,Rural,Female,37872,2011
district,34,Urban,Female,0,2011
state,3,Rural,Female,8250716,2011
state,3,Urban,Female,4853157,2011
district,35,Rural,Female,783220,2011
district,35,Urban,Female,302486,2011
district,36,Rural,Female,256774,2011
district,36,Urban,Female,132083,2011
district,37,Rural,Female,503629,2011
district,37,Urban,Female,544750,2011
district,38,Rural,Female,617186,2011
district,38,Urban,Female,160382,2011
district,39,Rural,Female,238776,2011
district,39,Urban,Female,60243,2011
district,40,Rural,Female,194631,2011
district,40,Urban,Female,84737,2011
district,41,Rural,Female,675587,2011
district,41,Urban,Female,955336,2011
district,42,Rural,Female,362796,2011
district,42,Urban,Female,107030,2011
district,43,Rural,Female,700310,2011
district,43,Urban,Female,257127,2011
district,44,Rural,Female,307503,2011
district,44,Urban,Female,118771,2011
district,45,Rural,Female,189675,2011
district,45,Urban,Female,101162,2011
district,46,Rural,Female,414824,2011
district,46,Urban,Female,230504,2011
district,47,Rural,Female,283963,2011
district,47,Urban,Female,77056,2011
district,48,Rural,Female,533606,2011
district,48,Urban,Female,359558,2011
district,49,Rural,Female,548779,2011
district,49,Urban,Female,623469,2011
district,50,Rural,Female,463510,2011
district,50,Urban,Female,66748,2011
district,51,Rural,Female,242731,2011
district,51,Urban,Female,84411,2011
district,52,Rural,Female,209033,2011
district,52,Urban,Female,256342,2011
district,53,Rural,Female,534551,2011
district,53,Urban,Female,242589,2011
district,54,Rural,Female,189632,2011
district,54,Urban,Female,88373,2011
state,4,Rural,Female,11841,2011
state,4,Urban,Female,462946,2011
district,55,Rural,Female,11841,2011
district,55,Urban,Female,462946,2011
state,5,Rural,Female,3517912,2011
state,5,Urban,Female,1430607,2011
district,56,Rural,Female,150406,2011
district,56,Urban,Female,11083,2011
district,57,Rural,Female,171840,2011
district,57,Urban,Female,25774,2011
district,58,Rural,Female,123620,2011
district,58,Urban,Female,4076,2011
district,59,Rural,Female,289411,2011
district,59,Urban,Female,31534,2011
district,60,Rural,Female,361862,2011
district,60,Urban,Female,442633,2011
district,61,Rural,Female,306539,2011
district,61,Urban,Female,53903,2011
district,62,Rural,Female,210904,2011
district,62,Urban,Female,33229,2011
district,63,Rural,Female,131204,2011
district,63,Urban,Female,4368,2011
district,64,Rural,Female,302833,2011
district,64,Urban,Female,28592,2011
district,65,Rural,Female,110463,2011
district,65,Urban,Female,18060,2011
district,66,Rural,Female,283614,2011
district,66,Urban,Female,177325,2011
district,67,Rural,Female,511672,2011
district,67,Urban,Female,278447,2011
district,68,Rural,Female,563544,2011
district,68,Urban,Female,321583,2011
state,6,Rural,Female,7735353,2011
state,6,Urban,Female,4121375,2011
district,69,Rural,Female,114910,2011
district,69,Urban,Female,146704,2011
district,70,Rural,Female,295873,2011
district,70,Urban,Female,233774,2011
district,71,Rural,Female,347419,2011
district,71,Urban,Female,220068,2011
district,72,Rural,Female,324410,2011
district,72,Urban,Female,129269,2011
district,73,Rural,Female,392362,2011
district,73,Urban,Female,110939,2011
district,74,Rural,Female,493404,2011
district,74,Urban,Female,214208,2011
district,75,Rural,Female,300710,2011
district,75,Urban,Female,257870,2011
district,76,Rural,Female,457887,2011
district,76,Urban,Female,210815,2011
district,77,Rural,Female,478050,2011
district,77,Urban,Female,143096,2011
district,78,Rural,Female,361609,2011
district,78,Urban,Female,85042,2011
district,79,Rural,Female,461764,2011
district,79,Urban,Female,150843,2011
district,80,Rural,Female,556304,2011
district,80,Urban,Female,256065,2011
district,81,Rural,Female,616911,2011
district,81,Urban,Female,150862,2011
district,82,Rural,Female,283006,2011
district,82,Urban,Female,209719,2011
district,83,Rural,Female,330847,2011
district,83,Urban,Female,112891,2011
district,84,Rural,Female,372875,2011
district,84,Urban,Female,62548,2011
district,85,Rural,Female,317192,2011
district,85,Urban,Female,108805,2011
district,86,Rural,Female,220717,2011
district,86,Urban,Female,477025,2011
district,87,Rural,Female,459071,2011
district,87,Urban,Female,59030,2011
district,88,Rural,Female,172775,2011
district,88,Urban,Female,670848,2011
district,89,Rural,Female,377257,2011
district,89,Urban,Female,110954,2011
state,7,Rural,Female,192721,2011
state,7,Urban,Female,7607894,2011
district,90,Rural,Female,98270,2011
district,90,Urban,Female,1597347,2011
district,91,Rural,Female,8200,2011
district,91,Urban,Female,404776,2011
district,92,Rural,Female,9809,2011
district,92,Urban,Female,1043390,2011
district,93,Rural,Female,1669,2011
district,93,Urban,Female,800177,2011
district,94,Rural,Female,0,2011
district,94,Urban,Female,64062,2011
district,95,Rural,Female,0,2011
district,95,Urban,Female,274499,2011
district,96,Rural,Female,3065,2011
district,96,Urban,Female,1183938,2011
district,97,Rural,Female,66334,2011
district,97,Urban,Female,980578,2011
district,98,Rural,Female,5374,2011
district,98,Urban,Female,1259127,2011
state,8,Rural,Female,24858605,2011
state,8,Urban,Female,8138835,2011
district,99,Rural,Female,675467,2011
district,99,Urban,Female,250361,2011
district,100,Rural,Female,677341,2011
district,100,Urban,Female,166167,2011
district,101,Rural,Female,742119,2011
district,101,Urban,Female,381017,2011
district,102,Rural,Female,708284,2011
district,102,Urban,Female,279817,2011
district,103,Rural,Female,805248,2011
district,103,Urban,Female,235901,2011
district,104,Rural,Female,1430220,2011
district,104,Urban,Female,304933,2011
district,105,Rural,Female,960006,2011
district,105,Urban,Female,232730,2011
district,106,Rural,Female,438136,2011
district,106,Urban,Female,114733,2011
district,107,Rural,Female,571958,2011
district,107,Urban,Female,102651,2011
district,108,Rural,Female,504492,2011
district,108,Urban,Female,127028,2011
district,109,Rural,Female,680716,2011
district,109,Urban,Female,95906,2011
district,110,Rural,Female,1511407,2011
district,110,Urban,Female,1646264,2011
district,111,Rural,Female,995958,2011
district,111,Urban,Female,306385,2011
district,112,Rural,Female,1301768,2011
district,112,Urban,Female,309650,2011
district,113,Rural,Female,1162223,2011
district,113,Urban,Female,601014,2011
district,114,Rural,Female,268447,2011
district,114,Urban,Female,39764,2011
district,115,Rural,Female,1148665,2011
district,115,Urban,Female,86064,2011
district,116,Rural,Female,819356,2011
district,116,Urban,Female,72740,2011
district,117,Rural,Female,403440,2011
district,117,Urban,Female,98675,2011
district,118,Rural,Female,790008,2011
district,118,Urban,Female,222143,2011
district,119,Rural,Female,758245,2011
district,119,Urban,Female,500722,2011
district,120,Rural,Female,535558,2011
district,120,Urban,Female,157632,2011
district,121,Rural,Female,426471,2011
district,121,Urban,Female,107275,2011
district,122,Rural,Female,940491,2011
district,122,Urban,Female,247296,2011
district,123,Rural,Female,485817,2011
district,123,Urban,Female,89441,2011
district,124,Rural,Female,648763,2011
district,124,Urban,Female,43257,2011
district,125,Rural,Female,827097,2011
district,125,Urban,Female,62634,2011
district,126,Rural,Female,622659,2011
district,126,Urban,Female,138508,2011
district,127,Rural,Female,373079,2011
district,127,Urban,Female,556774,2011
district,128,Rural,Female,466313,2011
district,128,Urban,Female,122497,2011
district,129,Rural,Female,575305,2011
district,129,Urban,Female,110681,2011
district,130,Rural,Female,1208678,2011
district,130,Urban,Female,292941,2011
district,131,Rural,Female,394870,2011
district,131,Urban,Female,35234,2011
state,9,Rural,Female,74324283,2011
state,9,Urban,Female,21007548,2011
district,132,Rural,Female,1130053,2011
district,132,Urban,Female,502223,2011
district,133,Rural,Female,1387196,2011
district,133,Urban,Female,562882,2011
district,134,Rural,Female,1318989,2011
district,134,Urban,Female,442509,2011
district,135,Rural,Female,1518361,2011
district,135,Urban,Female,750459,2011
district,136,Rural,Female,830294,2011
district,136,Urban,Female,281636,2011
district,137,Rural,Female,656969,2011
district,137,Urban,Female,219803,2011
district,138,Rural,Female,789587,2011
district,138,Urban,Female,828359,2011
district,139,Rural,Female,474216,2011
district,139,Urban,Female,128762,2011
district,140,Rural,Female,710876,2011
district,140,Urban,Female,1481935,2011
district,141,Rural,Female,314201,2011
district,141,Urban,Female,443700,2011
district,142,Rural,Female,1241252,2011
district,142,Urban,Female,412659,2011
district,143,Rural,Female,1147775,2011
district,143,Urban,Female,574118,2011
district,144,Rural,Female,572201,2011
district,144,Urban,Female,156380,2011
district,145,Rural,Female,829163,2011
district,145,Urban,Female,350896,2011
district,146,Rural,Female,1109418,2011
district,146,Urban,Female,944426,2011
district,147,Rural,Female,773115,2011
district,147,Urban,Female,392995,2011
district,148,Rural,Female,737713,2011
district,148,Urban,Female,137439,2011
district,149,Rural,Female,1406925,2011
district,149,Urban,Female,307212,2011
district,150,Rural,Female,1349594,2011
district,150,Urban,Female,741100,2011
district,151,Rural,Female,792803,2011
district,151,Urban,Female,166202,2011
district,152,Rural,Female,1118732,2011
district,152,Urban,Female,281403,2011
district,153,Rural,Female,1679529,2011
district,153,Urban,Female,218527,2011
district,154,Rural,Female,1855085,2011
district,154,Urban,Female,253643,2011
district,155,Rural,Female,1644892,2011
district,155,Urban,Female,256511,2011
district,156,Rural,Female,1224824,2011
district,156,Urban,Female,253456,2011
district,157,Rural,Female,737090,2011
district,157,Urban,Female,1458272,2011
district,158,Rural,Female,1505115,2011
district,158,Urban,Female,147902,2011
district,159,Rural,Female,683718,2011
district,159,Urban,Female,195246,2011
district,160,Rural,Female,641530,2011
district,160,Urban,Female,133310,2011
district,161,Rural,Female,562771,2011
district,161,Urban,Female,173183,2011
district,162,Rural,Female,528829,2011
district,162,Urban,Female,110676,2011
district,163,Rural,Female,751253,2011
district,163,Urban,Female,81676,2011
district,164,Rural,Female,728363,2011
district,164,Urban,Female,1393099,2011
district,165,Rural,Female,587418,2011
district,165,Urban,Female,196464,2011
district,166,Rural,Female,549490,2011
district,166,Urban,Female,391677,2011
district,167,Rural,Female,496736,2011
district,167,Urban,Female,83845,2011
district,168,Rural,Female,413064,2011
district,168,Urban,Female,97684,2011
district,169,Rural,Female,322568,2011
district,169,Urban,Female,87032,2011
district,170,Rural,Female,704412,2011
district,170,Urban,Female,129122,2011
district,171,Rural,Female,418604,2011
district,171,Urban,Female,45405,2011
district,172,Rural,Female,1095050,2011
district,172,Urban,Female,152961,2011
district,173,Rural,Female,1518316,2011
district,173,Urban,Female,84740,2011
district,174,Rural,Female,701805,2011
district,174,Urban,Female,59306,2011
district,175,Rural,Female,2140559,2011
district,175,Urban,Female,682025,2011
district,176,Rural,Female,1396441,2011
district,176,Urban,Female,157185,2011
district,177,Rural,Female,1051486,2011
district,177,Urban,Female,159882,2011
district,178,Rural,Female,1049396,2011
district,178,Urban,Female,136082,2011
district,179,Rural,Female,1786705,2011
district,179,Urban,Female,95826,2011
district,180,Rural,Female,1508565,2011
district,180,Urban,Female,135282,2011
district,181,Rural,Female,505031,2011
district,181,Urban,Female,18433,2011
district,182,Rural,Female,954331,2011
district,182,Urban,Female,79613,2011
district,183,Rural,Female,1539832,2011
district,183,Urban,Female,106941,2011
district,184,Rural,Female,1186465,2011
district,184,Urban,Female,77737,2011
district,185,Rural,Female,1143521,2011
district,185,Urban,Female,65671,2011
district,186,Rural,Female,784043,2011
district,186,Urban,Female,61484,2011
district,187,Rural,Female,1237847,2011
district,187,Urban,Female,65102,2011
district,188,Rural,Female,1766040,2011
district,188,Urban,Female,397078,2011
district,189,Rural,Female,1666060,2011
district,189,Urban,Female,80429,2011
district,190,Rural,Female,1411032,2011
district,190,Urban,Female,152478,2011
district,191,Rural,Female,2137805,2011
district,191,Urban,Female,191104,2011
district,192,Rural,Female,847917,2011
district,192,Urban,Female,243342,2011
district,193,Rural,Female,1421647,2011
district,193,Urban,Female,145225,2011
district,194,Rural,Female,2106407,2011
district,194,Urban,Female,167332,2011
district,195,Rural,Female,1634257,2011
district,195,Urban,Female,130936,2011
district,196,Rural,Female,819573,2011
district,196,Urban,Female,115278,2011
district,197,Rural,Female,1003264,2011
district,197,Urban,Female,751720,2011
district,198,Rural,Female,662322,2011
district,198,Urban,Female,108792,2011
district,199,Rural,Female,1022265,2011
district,199,Urban,Female,162403,2011
district,200,Rural,Female,744872,2011
district,200,Urban,Female,146343,2011
district,201,Rural,Female,700749,2011
district,201,Urban,Female,126392,2011
district,202,Rural,Female,535956,2011
district,202,Urban,Female,136598,2011
state,10,Rural,Female,44267586,2011
state,10,Urban,Female,5553709,2011
district,203,Rural,Female,1688068,2011
district,203,Urban,Female,185864,2011
district,204,Rural,Female,2229847,2011
district,204,Urban,Female,188315,2011
district,205,Rural,Female,296338,2011
district,205,Urban,Female,13235,2011
district,206,Rural,Female,1531391,2011
district,206,Urban,Female,88931,2011
district,207,Rural,Female,2081597,2011
district,207,Urban,Female,76469,2011
district,208,Rural,Female,1024023,2011
district,208,Urban,Female,49770,2011
district,209,Rural,Female,1268538,2011
district,209,Urban,Female,79698,2011
district,210,Rural,Female,745959,2011
district,210,Urban,Female,77471,2011
district,211,Rural,Female,1402092,2011
district,211,Urban,Female,163157,2011
district,212,Rural,Female,1341463,2011
district,212,Urban,Female,129136,2011
district,213,Rural,Female,912541,2011
district,213,Urban,Female,41662,2011
district,214,Rural,Female,830238,2011
district,214,Urban,Female,73249,2011
district,215,Rural,Female,1695512,2011
district,215,Urban,Female,181924,2011
district,216,Rural,Female,2050813,2011
district,216,Urban,Female,222752,2011
district,217,Rural,Female,1214240,2011
district,217,Urban,Female,80106,2011
district,218,Rural,Female,1567866,2011
district,218,Urban,Female,87508,2011
district,219,Rural,Female,1760541,2011
district,219,Urban,Female,168500,2011
district,220,Rural,Female,1540721,2011
district,220,Urban,Female,109765,2011
district,221,Rural,Female,1961496,2011
district,221,Urban,Female,70067,2011
district,222,Rural,Female,1134410,2011
district,222,Urban,Female,268471,2011
district,223,Rural,Female,742446,2011
district,223,Urban,Female,40654,2011
district,224,Rural,Female,1139848,2011
district,224,Urban,Female,282255,2011
district,225,Rural,Female,934353,2011
district,225,Urban,Female,33270,2011
district,226,Rural,Female,460346,2011
district,226,Urban,Female,178378,2011
district,227,Rural,Female,407038,2011
district,227,Urban,Female,67529,2011
district,228,Rural,Female,254980,2011
district,228,Urban,Female,51619,2011
district,229,Rural,Female,1162031,2011
district,229,Urban,Female,218562,2011
district,230,Rural,Female,1577850,2011
district,230,Urban,Female,1182103,2011
district,231,Rural,Female,1114272,2011
district,231,Urban,Female,183755,2011
district,232,Rural,Female,740767,2011
district,232,Urban,Female,77608,2011
district,233,Rural,Female,748515,2011
district,233,Urban,Female,30863,2011
district,234,Rural,Female,1213877,2011
district,234,Urban,Female,202495,2011
district,235,Rural,Female,1108600,2011
district,235,Urban,Female,112789,2011
district,236,Rural,Female,1849225,2011
district,236,Urban,Female,275627,2011
district,237,Rural,Female,971911,2011
district,237,Urban,Female,102567,2011
district,238,Rural,Female,775296,2011
district,238,Urban,Female,69045,2011
district,239,Rural,Female,475963,2011
district,239,Urban,Female,63768,2011
district,240,Rural,Female,312574,2011
district,240,Urban,Female,24772,2011
state,11,Rural,Female,214202,2011
state,11,Urban,Female,73305,2011
district,241,Rural,Female,16791,2011
district,241,Urban,Female,2188,2011
district,242,Rural,Female,63659,2011
district,242,Urban,Female,2538,2011
district,243,Rural,Female,59803,2011
district,243,Urban,Female,10377,2011
district,244,Rural,Female,73949,2011
district,244,Urban,Female,58202,2011
state,12,Rural,Female,520347,2011
state,12,Urban,Female,149468,2011
district,245,Rural,Female,17983,2011
district,245,Urban,Female,2843,2011
district,246,Rural,Female,30206,2011
district,246,Urban,Female,7586,2011
district,247,Rural,Female,30834,2011
district,247,Urban,Female,9081,2011
district,248,Rural,Female,39675,2011
district,248,Urban,Female,47716,2011
district,249,Rural,Female,35203,2011
district,249,Urban,Female,6487,2011
district,250,Rural,Female,42619,2011
district,250,Urban,Female,11487,2011
district,251,Rural,Female,35432,2011
district,251,Urban,Female,13666,2011
district,252,Rural,Female,13445,2011
district,252,Urban,Female,3176,2011
district,253,Rural,Female,62715,2011
district,253,Urban,Female,8563,2011
district,254,Rural,Female,44980,2011
district,254,Urban,Female,9391,2011
district,255,Rural,Female,34764,2011
district,255,Urban,Female,6423,2011
district,256,Rural,Female,45659,2011
district,256,Urban,Female,1099,2011
district,257,Rural,Female,2522,2011
district,257,Urban,Female,1068,2011
district,258,Rural,Female,20702,2011
district,258,Urban,Female,5325,2011
district,259,Rural,Female,54305,2011
district,259,Urban,Female,15200,2011
district,260,Rural,Female,9303,2011
district,260,Urban,Female,357,2011
state,13,Rural,Female,682064,2011
state,13,Urban,Female,271789,2011
district,261,Rural,Female,102347,2011
district,261,Urban,Female,16160,2011
district,262,Rural,Female,67524,2011
district,262,Urban,Female,26006,2011
district,263,Rural,Female,56374,2011
district,263,Urban,Female,13166,2011
district,264,Rural,Female,64904,2011
district,264,Urban,Female,16934,2011
district,265,Rural,Female,87507,2011
district,265,Urban,Female,93910,2011
district,266,Rural,Female,68314,2011
district,266,Urban,Female,11361,2011
district,267,Rural,Female,77360,2011
district,267,Urban,Female,17303,2011
district,268,Rural,Female,20360,2011
district,268,Urban,Female,3622,2011
district,269,Rural,Female,28274,2011
district,269,Urban,Female,7900,2011
district,270,Rural,Female,70531,2011
district,270,Urban,Female,58491,2011
district,271,Rural,Female,38569,2011
district,271,Urban,Female,6936,2011
state,14,Rural,Female,994756,2011
state,14,Urban,Female,422452,2011
district,272,Rural,Female,228069,2011
district,272,Urban,Female,3756,2011
district,273,Rural,Female,58754,2011
district,273,Urban,Female,9526,2011
district,274,Rural,Female,126127,2011
district,274,Urban,Female,9196,2011
district,275,Rural,Female,74723,2011
district,275,Urban,Female,43894,2011
district,276,Rural,Female,135365,2011
district,276,Urban,Female,75958,2011
district,277,Rural,Female,98165,2011
district,277,Urban,Female,164773,2011
district,278,Rural,Female,136117,2011
district,278,Urban,Female,93902,2011
district,279,Rural,Female,76010,2011
district,279,Urban,Female,13270,2011
district,280,Rural,Female,61426,2011
district,280,Urban,Female,8177,2011
state,15,Rural,Female,256300,2011
state,15,Urban,Female,285567,2011
district,281,Rural,Female,34330,2011
district,281,Urban,Female,7206,2011
district,282,Rural,Female,17980,2011
district,282,Urban,Female,23057,2011
district,283,Rural,Female,41775,2011
district,283,Urban,Female,159264,2011
district,284,Rural,Female,38106,2011
district,284,Urban,Female,24251,2011
district,285,Rural,Female,16275,2011
district,285,Urban,Female,15811,2011
district,286,Rural,Female,45099,2011
district,286,Urban,Female,33438,2011
district,287,Rural,Female,47124,2011
district,287,Urban,Female,10171,2011
district,288,Rural,Female,15611,2011
district,288,Urban,Female,12369,2011
state,16,Rural,Female,1325291,2011
state,16,Urban,Female,474250,2011
district,289,Rural,Female,511381,2011
district,289,Urban,Female,334930,2011
district,290,Rural,Female,368183,2011
district,290,Urban,Female,60274,2011
district,291,Rural,Female,163958,2011
district,291,Urban,Female,19728,2011
district,292,Rural,Female,281769,2011
district,292,Urban,Female,59318,2011
state,17,Rural,Female,1177179,2011
state,17,Urban,Female,297878,2011
district,293,Rural,Female,281510,2011
district,293,Urban,Female,37622,2011
district,294,Rural,Female,134962,2011
district,294,Urban,Female,21732,2011
district,295,Rural,Female,62733,2011
district,295,Urban,Female,6431,2011
district,296,Rural,Female,167976,2011
district,296,Urban,Female,21770,2011
district,297,Rural,Female,114882,2011
district,297,Urban,Female,11427,2011
district,298,Rural,Female,231032,2011
district,298,Urban,Female,184141,2011
district,299,Rural,Female,184084,2011
district,299,Urban,Female,14755,2011
state,18,Rural,Female,13128045,2011
state,18,Urban,Female,2138088,2011
district,300,Rural,Female,407755,2011
district,300,Urban,Female,26482,2011
district,301,Rural,Female,851643,2011
district,301,Urban,Female,99767,2011
district,302,Rural,Female,426877,2011
district,302,Urban,Female,68014,2011
district,303,Rural,Female,754480,2011
district,303,Urban,Female,72138,2011
district,304,Rural,Female,435002,2011
district,304,Urban,Female,35770,2011
district,305,Rural,Female,1203249,2011
district,305,Urban,Female,181407,2011
district,306,Rural,Female,855280,2011
district,306,Urban,Female,84926,2011
district,307,Rural,Female,468222,2011
district,307,Urban,Female,44241,2011
district,308,Rural,Female,311570,2011
district,308,Urban,Female,23314,2011
district,309,Rural,Female,521791,2011
district,309,Urban,Female,125907,2011
district,310,Rural,Female,532306,2011
district,310,Urban,Female,117595,2011
district,311,Rural,Female,509668,2011
district,311,Urban,Female,52166,2011
district,312,Rural,Female,428754,2011
district,312,Urban,Female,106697,2011
district,313,Rural,Female,476027,2011
district,313,Urban,Female,47700,2011
district,314,Rural,Female,411423,2011
district,314,Urban,Female,54723,2011
district,315,Rural,Female,73796,2011
district,315,Urban,Female,29504,2011
district,316,Rural,Female,694070,2011
district,316,Urban,Female,156263,2011
district,317,Rural,Female,548476,2011
district,317,Urban,Female,54346,2011
district,318,Rural,Female,297409,2011
district,318,Urban,Female,23997,2011
district,319,Rural,Female,309208,2011
district,319,Urban,Female,53778,2011
district,320,Rural,Female,219930,2011
district,320,Urban,Female,17372,2011
district,321,Rural,Female,669008,2011
district,321,Urban,Female,70073,2011
district,322,Rural,Female,105865,2011
district,322,Urban,Female,500488,2011
district,323,Rural,Female,335232,2011
district,323,Urban,Female,40401,2011
district,324,Rural,Female,462806,2011
district,324,Urban,Female,5939,2011
district,325,Rural,Female,426546,2011
district,325,Urban,Female,26681,2011
district,326,Rural,Female,391652,2011
district,326,Urban,Female,18399,2011
state,19,Rural,Female,30338168,2011
state,19,Urban,Female,14128920,2011
district,327,Rural,Female,551895,2011
district,327,Urban,Female,357669,2011
district,328,Rural,Female,1375209,2011
district,328,Urban,Female,514573,2011
district,329,Rural,Female,1224736,2011
district,329,Urban,Female,142808,2011
district,330,Rural,Female,1282437,2011
district,330,Urban,Female,173631,2011
district,331,Rural,Female,702210,2011
district,331,Urban,Female,116867,2011
district,332,Rural,Female,1678849,2011
district,332,Urban,Female,258455,2011
district,333,Rural,Female,2785293,2011
district,333,Urban,Female,690950,2011
district,334,Rural,Female,1490980,2011
district,334,Urban,Female,220504,2011
district,335,Rural,Female,2265477,2011
district,335,Urban,Female,1485197,2011
district,336,Rural,Female,1807615,2011
district,336,Urban,Female,706217,2011
district,337,Rural,Female,2081065,2011
district,337,Urban,Female,2809327,2011
district,338,Rural,Female,1667701,2011
district,338,Urban,Female,1036791,2011
district,339,Rural,Female,1611124,2011
district,339,Urban,Female,147455,2011
district,340,Rural,Female,1252593,2011
district,340,Urban,Female,180526,2011
district,341,Rural,Female,866366,2011
district,341,Urban,Female,1482844,2011
district,342,Rural,Female,0,2011
district,342,Urban,Female,2139928,2011
district,343,Rural,Female,2964969,2011
district,343,Urban,Female,1023214,2011
district,344,Rural,Female,2549050,2011
district,344,Urban,Female,356522,2011
district,345,Rural,Female,2180599,2011
district,345,Urban,Female,285442,2011
state,20,Rural,Female,12278587,2011
state,20,Urban,Female,3779232,2011
district,346,Rural,Female,606167,2011
district,346,Urban,Female,33042,2011
district,347,Rural,Female,479721,2011
district,347,Urban,Female,29230,2011
district,348,Rural,Female,281418,2011
district,348,Urban,Female,67619,2011
district,349,Rural,Female,1087842,2011
district,349,Urban,Female,99534,2011
district,350,Rural,Female,595576,2011
district,350,Urban,Female,121475,2011
district,351,Rural,Female,605225,2011
district,351,Urban,Female,30399,2011
district,352,Rural,Female,485009,2011
district,352,Urban,Female,76167,2011
district,353,Rural,Female,414659,2011
district,353,Urban,Female,33102,2011
district,354,Rural,Female,542137,2011
district,354,Urban,Female,736394,2011
district,355,Rural,Female,523732,2011
district,355,Urban,Female,465791,2011
district,356,Rural,Female,201124,2011
district,356,Urban,Female,28037,2011
district,357,Rural,Female,504830,2011
district,357,Urban,Female,612187,2011
district,358,Rural,Female,826315,2011
district,358,Urban,Female,107252,2011
district,359,Rural,Female,332554,2011
district,359,Urban,Female,24758,2011
district,360,Rural,Female,712254,2011
district,360,Urban,Female,131360,2011
district,361,Rural,Female,258321,2011
district,361,Urban,Female,196892,2011
district,362,Rural,Female,610336,2011
district,362,Urban,Female,42592,2011
district,363,Rural,Female,350253,2011
district,363,Urban,Female,35959,2011
district,364,Rural,Female,816390,2011
district,364,Urban,Female,602926,2011
district,365,Rural,Female,243409,2011
district,365,Urban,Female,22141,2011
district,366,Rural,Female,478997,2011
district,366,Urban,Female,31826,2011
district,367,Rural,Female,278209,2011
district,367,Urban,Female,21060,2011
district,368,Rural,Female,646647,2011
district,368,Urban,Female,106306,2011
district,369,Rural,Female,397462,2011
district,369,Urban,Female,123183,2011
state,21,Rural,Female,17384359,2011
state,21,Urban,Female,3377723,2011
district,370,Rural,Female,658542,2011
district,370,Urban,Female,73552,2011
district,371,Rural,Female,172178,2011
district,371,Urban,Female,110637,2011
district,372,Rural,Female,364314,2011
district,372,Urban,Female,149908,2011
district,373,Rural,Female,143464,2011
district,373,Urban,Female,10826,2011
district,374,Rural,Female,679272,2011
district,374,Urban,Female,353018,2011
district,375,Rural,Female,774007,2011
district,375,Urban,Female,121239,2011
district,376,Rural,Female,1169266,2011
district,376,Urban,Female,94259,2011
district,377,Rural,Female,1010770,2011
district,377,Urban,Female,123972,2011
district,378,Rural,Female,655244,2011
district,378,Urban,Female,90833,2011
district,379,Rural,Female,681774,2011
district,379,Urban,Female,40773,2011
district,380,Rural,Female,504178,2011
district,380,Urban,Female,54928,2011
district,381,Rural,Female,917538,2011
district,381,Urban,Female,354172,2011
district,382,Rural,Female,835556,2011
district,382,Urban,Female,65602,2011
district,383,Rural,Female,523979,2011
district,383,Urban,Female,56239,2011
district,384,Rural,Female,520890,2011
district,384,Urban,Female,97213,2011
district,385,Rural,Female,422032,2011
district,385,Urban,Female,38121,2011
district,386,Rural,Female,571548,2011
district,386,Urban,Female,512988,2011
district,387,Rural,Female,705587,2011
district,387,Urban,Female,127763,2011
district,388,Rural,Female,1377394,2011
district,388,Urban,Female,372419,2011
district,389,Rural,Female,259496,2011
district,389,Urban,Female,35439,2011
district,390,Rural,Female,337308,2011
district,390,Urban,Female,35857,2011
district,391,Rural,Female,209605,2011
district,391,Urban,Female,9932,2011
district,392,Rural,Female,274608,2011
district,392,Urban,Female,24263,2011
district,393,Rural,Female,722846,2011
district,393,Urban,Female,96054,2011
district,394,Rural,Female,291536,2011
district,394,Urban,Female,16884,2011
district,395,Rural,Female,730236,2011
district,395,Urban,Female,59532,2011
district,396,Rural,Female,423171,2011
district,396,Urban,Female,72780,2011
district,397,Rural,Female,572550,2011
district,397,Urban,Female,43584,2011
district,398,Rural,Female,589707,2011
district,398,Urban,Female,111131,2011
district,399,Rural,Female,285763,2011
district,399,Urban,Female,23805,2011
state,22,Rural,Female,9810535,2011
state,22,Urban,Female,2901768,2011
district,400,Rural,Female,225280,2011
district,400,Urban,Female,98900,2011
district,401,Rural,Female,1049057,2011
district,401,Urban,Female,117700,2011
district,402,Rural,Female,389370,2011
district,402,Urban,Female,37552,2011
district,403,Rural,Female,623865,2011
district,403,Urban,Female,119841,2011
district,404,Rural,Female,378926,2011
district,404,Urban,Female,214799,2011
district,405,Rural,Female,693245,2011
district,405,Urban,Female,110745,2011
district,406,Rural,Female,981239,2011
district,406,Urban,Female,330816,2011
district,407,Rural,Female,367190,2011
district,407,Urban,Female,43278,2011
district,408,Rural,Female,638409,2011
district,408,Urban,Female,135869,2011
district,409,Rural,Female,1032955,2011
district,409,Urban,Female,628816,2011
district,410,Rural,Female,1292016,2011
district,410,Urban,Female,723670,2011
district,411,Rural,Female,460911,2011
district,411,Urban,Female,59876,2011
district,412,Rural,Female,327166,2011
district,412,Urban,Female,74718,2011
district,413,Rural,Female,337031,2011
district,413,Urban,Female,38572,2011
district,414,Rural,Female,619053,2011
district,414,Urban,Female,95659,2011
district,415,Rural,Female,59061,2011
district,415,Urban,Female,10655,2011
district,416,Rural,Female,223475,2011
district,416,Urban,Female,46021,2011
district,417,Rural,Female,112286,2011
district,417,Urban,Female,14281,2011
state,23,Rural,Female,25408016,2011
state,23,Urban,Female,9606487,2011
district,418,Rural,Female,275149,2011
district,418,Urban,Female,50928,2011
district,419,Rural,Female,680290,2011
district,419,Urban,Female,217263,2011
district,420,Rural,Female,575327,2011
district,420,Urban,Female,200835,2011
district,421,Rural,Female,348895,2011
district,421,Urban,Female,592814,2011
district,422,Rural,Female,280806,2011
district,422,Urban,Female,85791,2011
district,423,Rural,Female,667073,2011
district,423,Urban,Female,139182,2011
district,424,Rural,Female,565816,2011
district,424,Urban,Female,118995,2011
district,425,Rural,Female,638086,2011
district,425,Urban,Female,188168,2011
district,426,Rural,Female,423712,2011
district,426,Urban,Female,59328,2011
district,427,Rural,Female,785529,2011
district,427,Urban,Female,336672,2011
district,428,Rural,Female,483197,2011
district,428,Urban,Female,119149,2011
district,429,Rural,Female,846613,2011
district,429,Urban,Female,224827,2011
district,430,Rural,Female,951482,2011
district,430,Urban,Female,188524,2011
district,431,Rural,Female,261150,2011
district,431,Urban,Female,52934,2011
district,432,Rural,Female,285824,2011
district,432,Urban,Female,117590,2011
district,433,Rural,Female,521820,2011
district,433,Urban,Female,135740,2011
district,434,Rural,Female,503570,2011
district,434,Urban,Female,213258,2011
district,435,Rural,Female,591298,2011
district,435,Urban,Female,379277,2011
district,436,Rural,Female,589860,2011
district,436,Urban,Female,142301,2011
district,437,Rural,Female,540236,2011
district,437,Urban,Female,218120,2011
district,438,Rural,Female,877459,2011
district,438,Urban,Female,195609,2011
district,439,Rural,Female,412233,2011
district,439,Urban,Female,1164837,2011
district,440,Rural,Female,774794,2011
district,440,Urban,Female,145131,2011
district,441,Rural,Female,586905,2011
district,441,Urban,Female,99636,2011
district,442,Rural,Female,620950,2011
district,442,Urban,Female,134652,2011
district,443,Rural,Female,527295,2011
district,443,Urban,Female,162012,2011
district,444,Rural,Female,215985,2011
district,444,Urban,Female,918946,2011
district,445,Rural,Female,508234,2011
district,445,Urban,Female,119355,2011
district,446,Rural,Female,488212,2011
district,446,Urban,Female,143027,2011
district,447,Rural,Female,625853,2011
district,447,Urban,Female,150273,2011
district,448,Rural,Female,217789,2011
district,448,Urban,Female,57838,2011
district,449,Rural,Female,406302,2011
district,449,Urban,Female,186323,2011
district,450,Rural,Female,503311,2011
district,450,Urban,Female,126718,2011
district,451,Rural,Female,496224,2011
district,451,Urban,Female,689787,2011
district,452,Rural,Female,425615,2011
district,452,Urban,Female,97429,2011
district,453,Rural,Female,336813,2011
district,453,Urban,Female,15798,2011
district,454,Rural,Female,465565,2011
district,454,Urban,Female,64068,2011
district,455,Rural,Female,779540,2011
district,455,Urban,Female,246914,2011
district,456,Rural,Female,602927,2011
district,456,Urban,Female,80325,2011
district,457,Rural,Female,737088,2011
district,457,Urban,Female,122432,2011
district,458,Rural,Female,442717,2011
district,458,Urban,Female,149440,2011
district,459,Rural,Female,327976,2011
district,459,Urban,Female,73258,2011
district,460,Rural,Female,419880,2011
district,460,Urban,Female,106162,2011
district,461,Rural,Female,271966,2011
district,461,Urban,Female,98157,2011
district,462,Rural,Female,506534,2011
district,462,Urban,Female,44587,2011
district,463,Rural,Female,458163,2011
district,463,Urban,Female,106473,2011
district,464,Rural,Female,465597,2011
district,464,Urban,Female,44428,2011
district,465,Rural,Female,338332,2011
district,465,Urban,Female,28125,2011
district,466,Rural,Female,509442,2011
district,466,Urban,Female,126290,2011
district,467,Rural,Female,242582,2011
district,467,Urban,Female,126761,2011
state,24,Rural,Female,16895450,2011
state,24,Urban,Female,12052982,2011
district,468,Rural,Female,650312,2011
district,468,Urban,Female,345322,2011
district,469,Rural,Female,1311850,2011
district,469,Urban,Female,198277,2011
district,470,Rural,Female,514329,2011
district,470,Urban,Female,135008,2011
district,471,Rural,Female,733559,2011
district,471,Urban,Female,244985,2011
district,472,Rural,Female,1008728,2011
district,472,Urban,Female,175630,2011
district,473,Rural,Female,382690,2011
district,473,Urban,Female,285199,2011
district,474,Rural,Female,555595,2011
district,474,Urban,Female,2870579,2011
district,475,Rural,Female,609877,2011
district,475,Urban,Female,236474,2011
district,476,Rural,Female,774244,2011
district,476,Urban,Female,1055869,2011
district,477,Rural,Female,578966,2011
district,477,Urban,Female,466961,2011
district,478,Rural,Female,146515,2011
district,478,Urban,Female,138725,2011
district,479,Rural,Female,896399,2011
district,479,Urban,Female,442327,2011
district,480,Rural,Female,555001,2011
district,480,Urban,Female,188140,2011
district,481,Rural,Female,829131,2011
district,481,Urban,Female,561033,2011
district,482,Rural,Female,699259,2011
district,482,Urban,Female,306262,2011
district,483,Rural,Female,861079,2011
district,483,Urban,Female,253079,2011
district,484,Rural,Female,1002573,2011
district,484,Urban,Female,161242,2011
district,485,Rural,Female,964498,2011
district,485,Urban,Female,93937,2011
district,486,Rural,Female,1021912,2011
district,486,Urban,Female,989978,2011
district,487,Rural,Female,259017,2011
district,487,Urban,Female,30194,2011
district,488,Rural,Female,496667,2011
district,488,Urban,Female,248645,2011
district,489,Rural,Female,101894,2011
district,489,Urban,Female,12576,2011
district,490,Rural,Female,455786,2011
district,490,Urban,Female,195721,2011
district,491,Rural,Female,527533,2011
district,491,Urban,Female,290923,2011
district,492,Rural,Female,592049,2011
district,492,Urban,Female,2087049,2011
district,493,Rural,Female,365987,2011
district,493,Urban,Female,38847,2011
state,25,Rural,Female,28001,2011
state,25,Urban,Female,64945,2011
district,494,Rural,Female,14055,2011
district,494,Urban,Female,12377,2011
district,495,Rural,Female,13946,2011
district,495,Urban,Female,52568,2011
state,26,Rural,Female,84809,2011
state,26,Urban,Female,65140,2011
district,496,Rural,Female,84809,2011
district,496,Urban,Female,65140,2011
state,27,Rural,Female,30017040,2011
state,27,Urban,Female,24114237,2011
district,497,Rural,Female,685150,2011
district,497,Urban,Female,129975,2011
district,498,Rural,Female,720910,2011
district,498,Urban,Female,275921,2011
district,499,Rural,Female,1386692,2011
district,499,Urban,Female,645860,2011
district,500,Rural,Female,982156,2011
district,500,Urban,Female,266542,2011
district,501,Rural,Female,530232,2011
district,501,Urban,Female,351340,2011
district,502,Rural,Female,474020,2011
district,502,Urban,Female,102838,2011
district,503,Rural,Female,900525,2011
district,503,Urban,Female,507152,2011
district,504,Rural,Female,425600,2011
district,504,Urban,Female,206789,2011
district,505,Rural,Female,716454,2011
district,505,Urban,Female,1552141,2011
district,506,Rural,Female,479019,2011
district,506,Urban,Female,115795,2011
district,507,Rural,Female,548643,2011
district,507,Urban,Female,112310,2011
district,508,Rural,Female,473619,2011
district,508,Urban,Female,57995,2011
district,509,Rural,Female,702823,2011
district,509,Urban,Female,377650,2011
district,510,Rural,Female,1059047,2011
district,510,Urban,Female,293336,2011
district,511,Rural,Female,1189234,2011
district,511,Urban,Female,441983,2011
district,512,Rural,Female,484182,2011
district,512,Urban,Female,86869,2011
district,513,Rural,Female,614394,2011
district,513,Urban,Female,278822,2011
district,514,Rural,Female,764338,2011
district,514,Urban,Female,183235,2011
district,515,Rural,Female,999287,2011
district,515,Urban,Female,777526,2011
district,516,Rural,Female,1705102,2011
district,516,Urban,Female,1244899,2011
district,517,Rural,Female,1245334,2011
district,517,Urban,Female,3949736,2011
district,518,Rural,Female,0,2011
district,518,Urban,Female,4325639,2011
district,519,Rural,Female,0,2011
district,519,Urban,Female,1400803,2011
district,520,Rural,Female,827009,2011
district,520,Urban,Female,462846,2011
district,521,Rural,Female,1774786,2011
district,521,Urban,Female,2730517,2011
district,522,Rural,Female,1757635,2011
district,522,Urban,Female,442699,2011
district,523,Rural,Female,987773,2011
district,523,Urban,Female,248170,2011
district,524,Rural,Female,879509,2011
district,524,Urban,Female,301547,2011
district,525,Rural,Female,660282,2011
district,525,Urban,Female,135759,2011
district,526,Rural,Female,1400322,2011
district,526,Urban,Female,689582,2011
district,527,Rural,Female,1213614,2011
district,527,Urban,Female,279285,2011
district,528,Rural,Female,721133,2011
district,528,Urban,Female,132815,2011
district,529,Rural,Female,379377,2011
district,529,Urban,Female,52942,2011
district,530,Rural,Female,1297177,2011
district,530,Urban,Female,598166,2011
district,531,Rural,Female,1031662,2011
district,531,Urban,Female,354753,2011
district,532,Rural,Female,995677,2011
district,532,Urban,Female,375965,2011
district,533,Rural,Female,1004126,2011
district,533,Urban,Female,296568,2011
district,534,Rural,Female,1423094,2011
district,534,Urban,Female,472375,2011
district,535,Rural,Female,1152611,2011
district,535,Urban,Female,357647,2011
district,536,Rural,Female,0,2011
district,536,Urban,Female,1924748,2011
district,537,Rural,Female,776556,2011
district,537,Urban,Female,1819177,2011
district,538,Rural,Female,1702898,2011
district,538,Urban,Female,299744,2011
district,539,Rural,Female,1398586,2011
district,539,Urban,Female,330451,2011
district,540,Rural,Female,1259649,2011
district,540,Urban,Female,493646,2011
district,541,Rural,Female,1074678,2011
district,541,Urban,Female,331704,2011
district,542,Rural,Female,1139523,2011
district,542,Urban,Female,221853,2011
district,543,Rural,Female,933135,2011
district,543,Urban,Female,249862,2011
district,544,Rural,Female,1141433,2011
district,544,Urban,Female,1010246,2011
district,545,Rural,Female,1918031,2011
district,545,Urban,Female,666577,2011
district,546,Rural,Female,1561176,2011
district,546,Urban,Female,410872,2011
district,547,Rural,Female,1330204,2011
district,547,Urban,Female,919819,2011
district,548,Rural,Female,1613584,2011
district,548,Urban,Female,833708,2011
district,549,Rural,Female,1350225,2011
district,549,Urban,Female,332459,2011
district,550,Rural,Female,1045117,2011
district,550,Urban,Female,425466,2011
district,551,Rural,Female,943644,2011
district,551,Urban,Female,487048,2011
district,552,Rural,Female,1439608,2011
district,552,Urban,Female,574628,2011
district,553,Rural,Female,1446280,2011
district,553,Urban,Female,570373,2011
district,554,Rural,Female,1468626,2011
district,554,Urban,Female,615234,2011
state,29,Rural,Female,18539981,2011
state,29,Urban,Female,11588659,2011
district,555,Rural,Female,1757372,2011
district,555,Urban,Female,599226,2011
district,556,Rural,Female,641639,2011
district,556,Urban,Female,298002,2011
district,557,Rural,Female,817791,2011
district,557,Urban,Female,248518,2011
district,558,Rural,Female,626098,2011
district,558,Urban,Female,206537,2011
district,559,Rural,Female,720492,2011
district,559,Urban,Female,243809,2011
district,560,Rural,Female,573258,2011
district,560,Urban,Female,116736,2011
district,561,Rural,Female,337676,2011
district,561,Urban,Female,189747,2011
district,562,Rural,Female,388068,2011
district,562,Urban,Female,521749,2011
district,563,Rural,Female,503278,2011
district,563,Urban,Female,207635,2011
district,564,Rural,Female,603717,2011
district,564,Urban,Female,174823,2011
district,565,Rural,Female,758263,2011
district,565,Urban,Female,457378,2011
district,566,Rural,Female,654350,2011
district,566,Urban,Female,164263,2011
district,567,Rural,Female,648220,2011
district,567,Urban,Female,310877,2011
district,568,Rural,Female,563205,2011
district,568,Urban,Female,312133,2011
district,569,Rural,Female,444453,2011
district,569,Urban,Female,170777,2011
district,570,Rural,Female,450908,2011
district,570,Urban,Female,120431,2011
district,571,Rural,Female,1031192,2011
district,571,Urban,Female,297194,2011
district,572,Rural,Female,407351,2011
district,572,Urban,Female,4191539,2011
district,573,Rural,Female,746164,2011
district,573,Urban,Female,154520,2011
district,574,Rural,Female,704075,2011
district,574,Urban,Female,188679,2011
district,575,Rural,Female,552079,2011
district,575,Urban,Female,502856,2011
district,576,Rural,Female,239370,2011
district,576,Urban,Female,40541,2011
district,577,Rural,Female,868214,2011
district,577,Urban,Female,621313,2011
district,578,Rural,Female,420933,2011
district,578,Urban,Female,87627,2011
district,579,Rural,Female,853631,2011
district,579,Urban,Female,410940,2011
district,580,Rural,Female,474516,2011
district,580,Urban,Female,109426,2011
district,581,Rural,Female,520897,2011
district,581,Urban,Female,239108,2011
district,582,Rural,Female,479522,2011
district,582,Urban,Female,139145,2011
district,583,Rural,Female,350810,2011
district,583,Urban,Female,130941,2011
district,584,Rural,Female,402439,2011
district,584,Urban,Female,132189,2011
state,30,Rural,Female,276295,2011
state,30,Urban,Female,443110,2011
district,585,Rural,Female,161019,2011
district,585,Urban,Female,240312,2011
district,586,Rural,Female,115276,2011
district,586,Urban,Female,202798,2011
state,31,Rural,Female,6898,2011
state,31,Urban,Female,24452,2011
district,587,Rural,Female,6898,2011
district,587,Urban,Female,24452,2011
state,32,Rural,Female,9063081,2011
state,32,Urban,Female,8315568,2011
district,588,Rural,Female,410612,2011
district,588,Urban,Female,268150,2011
district,589,Rural,Female,456335,2011
district,589,Urban,Female,885222,2011
district,590,Rural,Female,399557,2011
district,590,Urban,Female,16179,2011
district,591,Rural,Female,528937,2011
district,591,Urban,Female,1086414,2011
district,592,Rural,Female,1200401,2011
district,592,Urban,Female,952191,2011
district,593,Rural,Female,1101658,2011
district,593,Urban,Female,348798,2011
district,594,Rural,Female,536491,2011
district,594,Urban,Female,1103946,2011
district,595,Rural,Female,529515,2011
district,595,Urban,Female,1133316,2011
district,596,Rural,Female,529684,2011
district,596,Urban,Female,26482,2011
district,597,Rural,Female,716485,2011
district,597,Urban,Female,289777,2011
district,598,Rural,Female,514930,2011
district,598,Urban,Female,599717,2011
district,599,Rural,Female,565979,2011
district,599,Urban,Female,69717,2011
district,600,Rural,Female,767530,2011
district,600,Urban,Female,620877,2011
district,601,Rural,Female,804967,2011
district,601,Urban,Female,914782,2011
state,33,Rural,Female,18550525,2011
state,33,Urban,Female,17458530,2011
district,602,Rural,Female,649247,2011
district,602,Urban,Female,1202795,2011
district,603,Rural,Female,0,2011
district,603,Urban,Female,2310888,2011
district,604,Rural,Female,724937,2011
district,604,Urban,Female,1260357,2011
district,605,Rural,Female,1117243,2011
district,605,Urban,Female,857400,2011
district,606,Rural,Female,980204,2011
district,606,Urban,Female,248782,2011
district,607,Rural,Female,1458310,2011
district,607,Urban,Female,259744,2011
district,608,Rural,Female,824660,2011
district,608,Urban,Female,875825,2011
district,609,Rural,Female,509792,2011
district,609,Urban,Female,347529,2011
district,610,Rural,Female,541375,2011
district,610,Urban,Female,580501,2011
district,611,Rural,Female,153830,2011
district,611,Urban,Female,221421,2011
district,612,Rural,Female,673130,2011
district,612,Urban,Female,405707,2011
district,613,Rural,Female,317348,2011
district,613,Urban,Female,218961,2011
district,614,Rural,Female,695705,2011
district,614,Urban,Female,674301,2011
district,615,Rural,Female,234134,2011
district,615,Urban,Female,48932,2011
district,616,Rural,Female,337847,2011
district,616,Urban,Female,42344,2011
district,617,Rural,Female,851864,2011
district,617,Urban,Female,442353,2011
district,618,Rural,Female,632457,2011
district,618,Urban,Female,185866,2011
district,619,Rural,Female,506528,2011
district,619,Urban,Female,131056,2011
district,620,Rural,Female,789354,2011
district,620,Urban,Female,434120,2011
district,621,Rural,Female,656486,2011
district,621,Urban,Female,158671,2011
district,622,Rural,Female,464046,2011
district,622,Urban,Female,206383,2011
district,623,Rural,Female,590204,2011
district,623,Urban,Female,921573,2011
district,624,Rural,Female,284538,2011
district,624,Urban,Female,335678,2011
district,625,Rural,Female,481702,2011
district,625,Urban,Female,492877,2011
district,626,Rural,Female,468238,2011
district,626,Urban,Female,202549,2011
district,627,Rural,Female,443013,2011
district,627,Urban,Female,442142,2011
district,628,Rural,Female,788276,2011
district,628,Urban,Female,768045,2011
district,629,Rural,Female,165634,2011
district,629,Urban,Female,778395,2011
district,630,Rural,Female,602716,2011
district,630,Urban,Female,129824,2011
district,631,Rural,Female,709002,2011
district,631,Urban,Female,210575,2011
district,632,Rural,Female,420073,2011
district,632,Urban,Female,1308675,2011
district,633,Rural,Female,478632,2011
district,633,Urban,Female,754261,2011
state,34,Rural,Female,200293,2011
state,34,Urban,Female,435149,2011
district,634,Rural,Female,0,2011
district,634,Urban,Female,28325,2011
district,635,Rural,Female,148311,2011
district,635,Urban,Female,333720,2011
district,636,Rural,Female,0,2011
district,636,Urban,Female,22673,2011
district,637,Rural,Female,51982,2011
district,637,Urban,Female,50431,2011
state,35,Rural,Female,110806,2011
state,35,Urban,Female,66904,2011
district,638,Rural,Female,16115,2011
district,638,Urban,Female,0,2011
district,639,Rural,Female,49399,2011
district,639,Urban,Female,1337,2011
district,640,Rural,Female,45292,2011
district,640,Urban,Female,65567,2011
state,28,Urban,Male,7292265,2011
state,28,Rural,Female,17330586,2011
state,28,Rural,Male,17445803,2011
state,28,Urban,Female,7318145,2011
state,36,Urban,Male,6906640,2011
state,36,Rural,Female,10787875,2011
state,36,Rural,Male,10797438,2011
state,36,Urban,Female,6702025,2011
